Manufacturer,Model Name,CPU,RAM,GPU,Price
Apple,MacBook Pro,Intel Core i5 2.3GHz,8GB,Intel Iris Plus Graphics 640,11912523.48
Apple,Macbook Air,Intel Core i5 1.8GHz,8GB,Intel HD Graphics 6000,7993374.48
HP,250 G6,Intel Core i5 7200U 2.5GHz,8GB,Intel HD Graphics 620,5112900
Apple,MacBook Pro,Intel Core i7 2.7GHz,16GB,AMD Radeon Pro 455,22563005.4
Apple,MacBook Pro,Intel Core i5 3.1GHz,8GB,Intel Iris Plus Graphics 650,16037611.2
Acer,Aspire 3,AMD A9-Series 9420 3GHz,4GB,AMD Radeon R5,3556800
Apple,MacBook Pro,Intel Core i7 2.2GHz,16GB,Intel Iris Pro Graphics,19028613.24
Apple,Macbook Air,Intel Core i5 1.8GHz,8GB,Intel HD Graphics 6000,10303160.4
Asus,ZenBook UX430UN,Intel Core i7 8550U 1.8GHz,16GB,Nvidia GeForce MX150,13293540
Acer,Swift 3,Intel Core i5 8250U 1.6GHz,8GB,Intel UHD Graphics 620,6846840
HP,250 G6,Intel Core i5 7200U 2.5GHz,4GB,Intel HD Graphics 620,3502558.8
HP,250 G6,Intel Core i3 6006U 2GHz,4GB,Intel HD Graphics 520,3067651.08
Apple,MacBook Pro,Intel Core i7 2.8GHz,16GB,AMD Radeon Pro 555,21696213.24
Dell,Inspiron 3567,Intel Core i3 6006U 2GHz,4GB,AMD Radeon R5 M430,4436218.8
Apple,"MacBook 12""",Intel Core M m3 1.2GHz,8GB,Intel HD Graphics 615,11225260.8
Apple,MacBook Pro,Intel Core i5 2.3GHz,8GB,Intel Iris Plus Graphics 640,13502946.6
Dell,Inspiron 3567,Intel Core i7 7500U 2.7GHz,8GB,AMD Radeon R5 M430,6624540
Apple,MacBook Pro,Intel Core i7 2.9GHz,16GB,AMD Radeon Pro 560,25413336
Lenovo,IdeaPad 320-15IKB,Intel Core i3 7100U 2.4GHz,8GB,Nvidia GeForce 940MX,4437108
Dell,XPS 13,Intel Core i5 8250U 1.6GHz,8GB,Intel UHD Graphics 620,8705268
Asus,Vivobook E200HA,Intel Atom x5-Z8350 1.44GHz,2GB,Intel HD Graphics 400,1706374.8
Lenovo,Legion Y520-15IKBN,Intel Core i5 7300HQ 2.5GHz,8GB,Nvidia GeForce GTX 1050,8883108
HP,255 G6,AMD E-Series E2-9000e 1.5GHz,4GB,AMD Radeon R2,2294136
Dell,Inspiron 5379,Intel Core i5 8250U 1.6GHz,8GB,Intel UHD Graphics 620,7282548
HP,15-BS101nv (i7-8550U/8GB/256GB/FHD/W10),Intel Core i7 8550U 1.8GHz,8GB,Intel HD Graphics 620,5859828
Dell,Inspiron 3567,Intel Core i3 6006U 2GHz,4GB,Intel HD Graphics 520,3722546.88
Apple,MacBook Air,Intel Core i5 1.6GHz,8GB,Intel HD Graphics 6000,9772308
Dell,Inspiron 5570,Intel Core i5 8250U 1.6GHz,8GB,AMD Radeon 530,7113600
Dell,Latitude 5590,Intel Core i7 8650U 1.9GHz,8GB,Intel UHD Graphics 620,11541816
HP,ProBook 470,Intel Core i5 8250U 1.6GHz,8GB,Nvidia GeForce 930MX,7967232
Chuwi,"LapBook 15.6""",Intel Atom x5-Z8300 1.44GHz,4GB,Intel HD Graphics,2178451.08
Asus,E402WA-GA010T (E2-6110/2GB/32GB/W10),AMD E-Series E2-6110 1.5GHz,2GB,AMD Radeon R2,1769508
HP,17-ak001nv (A6-9220/4GB/500GB/Radeon,AMD A6-Series 9220 2.5GHz,4GB,AMD Radeon 530,3903588
Dell,XPS 13,Intel Core i7 8550U 1.8GHz,16GB,Intel UHD Graphics 620,16619148
Apple,MacBook Air,Intel Core i5 1.6GHz,8GB,Intel HD Graphics 6000,8874216
Lenovo,IdeaPad 120S-14IAP,Intel Celeron Dual Core N3350 1.1GHz,4GB,Intel HD Graphics 500,2214108
Acer,Aspire 3,Intel Core i3 7130U 2.7GHz,4GB,Intel HD Graphics 620,3263364
Dell,Inspiron 5770,Intel Core i5 8250U 1.6GHz,8GB,AMD Radeon 530,8705268
HP,250 G6,Intel Core i5 7200U 2.5GHz,4GB,Intel HD Graphics 620,4345431.48
HP,ProBook 450,Intel Core i5 8250U 1.6GHz,8GB,Nvidia GeForce 930MX,7816068
Asus,X540UA-DM186 (i3-6006U/4GB/1TB/FHD/Linux),Intel Core i3 6006U 2GHz,4GB,Intel HD Graphics 620,3458988
Dell,Inspiron 7577,Intel Core i7 7700HQ 2.8GHz,16GB,Nvidia GeForce GTX 1060,13329108
Asus,X542UQ-GO005 (i5-7200U/8GB/1TB/GeForce,Intel Core i5 7200U 2.5GHz,8GB,Nvidia GeForce 940MX,4650427.08
Acer,Aspire A515-51G,Intel Core i5 8250U 1.6GHz,4GB,Intel UHD Graphics 620,6064344
Dell,Inspiron 7773,Intel Core i5 8250U 1.6GHz,12GB,Nvidia GeForce 150MX,8883108
Apple,MacBook Pro,Intel Core i5 2.0GHz,8GB,Intel Iris Graphics 540,12617748
Lenovo,IdeaPad 320-15ISK,Intel Core i3 6006U 2GHz,4GB,Intel HD Graphics 520,3281148
Asus,Rog Strix,AMD Ryzen 1700 3GHz,8GB,AMD Radeon RX 580,11550708
Dell,Inspiron 3567,Intel Core i5 7200U 2.5GHz,4GB,AMD Radeon R5 M430,5681988
Asus,X751NV-TY001T (N4200/4GB/1TB/GeForce,Intel Pentium Quad Core N4200 1.1GHz,4GB,Nvidia GeForce 920MX,4143672
Lenovo,Yoga Book,Intel Atom x5-Z8550 1.44GHz,4GB,Intel HD Graphics 400,2836548
Acer,Aspire A515-51G,Intel Core i7 8550U 1.8GHz,8GB,Nvidia GeForce MX150,7478172
HP,255 G6,AMD A6-Series 9220 2.5GHz,4GB,AMD Radeon R4 Graphics,3543373.08
HP,ProBook 430,Intel Core i7 8550U 1.8GHz,8GB,Intel UHD Graphics 620,9807876
Acer,Aspire 3,Intel Core i3 7100U 2.4GHz,4GB,Intel HD Graphics 620,3414528
Dell,Inspiron 3576,Intel Core i7 8550U 1.8GHz,8GB,AMD Radeon 520,6827277.6
HP,15-bs002nv (i3-6006U/4GB/128GB/FHD/W10),Intel Core i3 6006U 2GHz,4GB,Intel HD Graphics 520,3903588
Asus,VivoBook Max,Intel Core i5 7200U 2.5GHz,4GB,Intel HD Graphics 620,5212401.48
MSI,GS73VR 7RG,Intel Core i7 7700HQ 2.8GHz,16GB,Nvidia GeForce GTX 1070,21776508
Asus,X541UA-DM1897 (i3-6006U/4GB/256GB/FHD/Linux),Intel Core i3 6006U 2GHz,4GB,Intel HD Graphics 520,3690180
Dell,Inspiron 5770,Intel Core i7 8550U 1.8GHz,16GB,AMD Radeon 530,11550708
Dell,Vostro 5471,Intel Core i5 8250U 1.6GHz,8GB,Intel UHD Graphics 620,7816068
Lenovo,IdeaPad 520S-14IKB,Intel Core i3 7130U 2.7GHz,8GB,Intel HD Graphics 620,5326308
Asus,UX410UA-GV350T (i5-8250U/8GB/256GB/FHD/W10),Intel Core i5 8250U 1.6GHz,8GB,Intel UHD Graphics 620,8367372
HP,250 G6,Intel Core i5 7200U 2.5GHz,8GB,Intel HD Graphics 620,6135480
Asus,ZenBook Pro,Intel Core i7 7700HQ 2.8GHz,16GB,Nvidia GeForce GTX 1050 Ti,17632836
HP,250 G6,Intel Core i3 6006U 2GHz,4GB,AMD Radeon 520,3900831.48
HP,Stream 14-AX040wm,Intel Celeron Dual Core N3060 1.6GHz,4GB,Intel HD Graphics 400,2036268
Lenovo,V310-15ISK (i5-7200U/4GB/1TB/FHD/W10),Intel Core i5 7200U 2.5GHz,4GB,Intel HD Graphics 620,4881708
Asus,FX753VE-GC093 (i7-7700HQ/12GB/1TB/GeForce,Intel Core i7 7700HQ 2.8GHz,12GB,Nvidia GeForce GTX 1050 Ti,8438508
Microsoft,Surface Laptop,Intel Core i5 7200U 2.5GHz,4GB,Intel HD Graphics 620,9683388
Dell,Inspiron 5370,Intel Core i7 8550U 1.8GHz,8GB,AMD Radeon 530,8491860
Dell,Inspiron 5570,Intel Core i7 8550U 1.8GHz,8GB,AMD Radeon 530,7736040
MSI,GL72M 7RDX,Intel Core i5 7300HQ 2.5GHz,8GB,Nvidia GeForce GTX 1050,9736740
Acer,Aspire E5-475,Intel Core i3 6006U 2GHz,8GB,Intel HD Graphics 520,3458988
Asus,FX503VD-E4022T (i7-7700HQ/8GB/1TB/GeForce,Intel Core i7 7700HQ 2.8GHz,8GB,Nvidia GeForce GTX 1050,8438508
Lenovo,IdeaPad 320-15IKBN,Intel Core i5 7200U 2.5GHz,8GB,Intel HD Graphics 620,4614948
Dell,Inspiron 5570,Intel Core i7 8550U 1.8GHz,8GB,Intel UHD Graphics 620,7602660
Acer,Aspire A515-51G-32MX,Intel Core i3 7130U 2.7GHz,4GB,Nvidia GeForce MX130,4712760
HP,ProBook 470,Intel Core i5 8250U 1.6GHz,8GB,Nvidia GeForce 930MX,8687484
Dell,Latitude 5590,Intel Core i5 8250U 1.6GHz,8GB,Intel UHD Graphics 620,9747054.72
Apple,"MacBook 12""",Intel Core i5 1.3GHz,8GB,Intel HD Graphics 615,13426920
HP,ProBook 440,Intel Core i5 8250U 1.6GHz,8GB,Intel HD Graphics 620,7647120
Lenovo,IdeaPad 320-15AST,AMD A6-Series 9220 2.5GHz,4GB,AMD R4 Graphics,3547908
Acer,Aspire 3,AMD A9-Series 9420 3GHz,4GB,AMD Radeon R5,3512340
Dell,Inspiron 7577,Intel Core i7 7700HQ 2.8GHz,16GB,Nvidia GeForce GTX 1050 Ti,11995308
HP,Pavilion 15-CK000nv,Intel Core i7 8550U 1.8GHz,8GB,Nvidia GeForce GTX 940MX,6215508
HP,250 G6,Intel Core i5 7200U 2.5GHz,8GB,Intel HD Graphics 620,5326219.08
Asus,FX503VM-E4007T (i7-7700HQ/16GB/1TB,Intel Core i7 7700HQ 2.8GHz,16GB,Nvidia GeForce GTX 1060,12884508
Dell,XPS 13,Intel Core i7 8550U 1.8GHz,8GB,Intel UHD Graphics 620,14662908
Asus,FX550IK-DM018T (FX-9830P/8GB/1TB/Radeon,AMD FX 9830P 3GHz,8GB,AMD Radeon RX 560,6215508
Acer,Aspire 5,Intel Core i7 8550U 1.8GHz,8GB,Nvidia GeForce MX150,6126588
HP,Probook 430,Intel Core i7 8550U 1.8GHz,16GB,Intel UHD Graphics 620,10643724
Dell,Inspiron 7577,Intel Core i5 7300HQ 2.5GHz,8GB,Nvidia GeForce GTX 1060,10625940
Asus,Zenbook UX430UA,Intel Core i7 7500U 2.7GHz,8GB,Intel HD Graphics 620,9327708
Acer,Spin 5,Intel Core i5 8250U 1.6GHz,8GB,Intel UHD Graphics 620,7531524
Dell,Inspiron 3567,Intel Core i7 7500U 2.7GHz,8GB,AMD Radeon R5 M430,5334310.8
Dell,Inspiron 3567,Intel Core i3 6006U 2GHz,4GB,AMD Radeon R5 M430,4312620
Asus,X541UV-DM1439T (i3-7100U/6GB/256GB/GeForce,Intel Core i3 7100U 2.4GHz,6GB,Nvidia GeForce 920M,5130684
HP,Omen 15-ce007nv,Intel Core i7 7700HQ 2.8GHz,12GB,Nvidia GeForce GTX 1050,11106108
HP,15-bs017nv (i7-7500U/8GB/256GB/Radeon,Intel Core i7 7500U 2.7GHz,8GB,AMD Radeon 530,6393348
HP,15-bw000nv (E2-9000e/4GB/500GB/Radeon,AMD E-Series E2-9000e 1.5GHz,4GB,AMD Radeon R2,3103308
Dell,Inspiron 3576,Intel Core i5 8250U 1.6GHz,8GB,AMD Radeon 520,5753124
HP,Envy 13-ad009n,Intel Core i7 7500U 2.7GHz,8GB,Nvidia GeForce MX150,9950148
Microsoft,Surface Laptop,Intel Core i5 7200U 2.5GHz,8GB,Intel HD Graphics 620,11915280
HP,Pavilion 14-BK001nv,Intel Core i5 7200U 2.5GHz,6GB,Nvidia GeForce 940MX,5859828
Lenovo,Ideapad 310-15ISK,Intel Core i3 6006U 2GHz,4GB,Intel HD Graphics 520,3689290.8
Asus,UX430UQ-GV209R (i7-7500U/8GB/256GB/GeForce,Intel Core i7 7500U 2.7GHz,8GB,Nvidia GeForce 940MX,10608156
MSI,GP62M 7REX,Intel Core i7 7700HQ 2.8GHz,16GB,Nvidia GeForce GTX 1050 Ti,11550708
Lenovo,Thinkpad T470,Intel Core i7 7500U 2.7GHz,8GB,Intel HD Graphics 620,13160160
Asus,VivoBook S15,Intel Core i7 8550U 1.8GHz,16GB,Nvidia GeForce MX150,11221704
Dell,XPS 13,Intel Core i7 7560U 2.4GHz,8GB,Intel Iris Plus Graphics 640,12262068
Lenovo,ThinkPad Yoga,Intel Core i5 7200U 2.5GHz,8GB,Intel HD Graphics 620,12439908
HP,Probook 440,Intel Core i5 8250U 1.6GHz,4GB,Intel UHD Graphics 620,6420024
Dell,XPS 13,Intel Core i5 8250U 1.6GHz,8GB,Intel UHD Graphics 620,14485068
HP,Spectre x360,Intel Core i5 8250U 1.6GHz,8GB,Intel UHD Graphics 620,12439819.08
HP,Probook 440,Intel Core i7 8550U 1.8GHz,8GB,Intel UHD Graphics 620,9638928
Dell,Inspiron 7570,Intel Core i7 8550U 1.8GHz,8GB,Nvidia GeForce 940MX,10050894.36
Asus,X705UV-BX074T (i3-6006U/4GB/1TB/GeForce,Intel Core i3 6006U 2GHz,4GB,Nvidia GeForce 920MX,5015088
Asus,VivoBook S15,Intel Core i7 8550U 1.8GHz,8GB,Nvidia GeForce 940MX,9941256
Acer,Spin 3,Intel Core i3 7100U 2.4GHz,6GB,Intel HD Graphics 620,4259268
MSI,GS63VR 7RG,Intel Core i7 7700HQ 2.8GHz,16GB,Nvidia GeForce GTX 1070,19931418
Lenovo,IdeaPad 320-15IKBN,Intel Core i5 7200U 2.5GHz,8GB,Nvidia GeForce 940MX,5593068
HP,Probook 470,Intel Core i7 8550U 1.8GHz,16GB,Nvidia GeForce 930MX,11301732
Acer,Aspire 3,AMD A9-Series 9420 3GHz,4GB,AMD Radeon R5,4010292
HP,250 G6,Intel Celeron Dual Core N3060 1.6GHz,4GB,Intel HD Graphics 400,2303028
HP,Probook 440,Intel Core i5 8250U 1.6GHz,8GB,Intel UHD Graphics 620,7220304
Asus,E402WA-GA007T (E2-6110/4GB/64GB/W10,AMD E-Series 6110 1.5GHz,4GB,AMD Radeon R2,2471887.08
Dell,Inspiron 5770,Intel Core i7 8550U 1.8GHz,16GB,AMD Radeon 530,12413232
HP,ProBook 470,Intel Core i5 8250U 1.6GHz,8GB,Intel UHD Graphics 620,8251776
Dell,Inspiron 5567,Intel Core i5 7200U 2.5GHz,8GB,AMD Radeon R7 M445,5681899.08
Dell,Inspiron 3567,Intel Core i3 6006U 2GHz,4GB,AMD Radeon R5 M430,3992508
Acer,Swift 3,Intel Core i7 8550U 1.8GHz,8GB,Intel UHD Graphics 620,7860528
Acer,Aspire A515-51G-37JS,Intel Core i3 7130U 2.7GHz,4GB,Nvidia GeForce MX130,5086224
HP,15-BS078nr (i7-7500U/8GB/1TB/W10),Intel Core i7 7500U 2.7GHz,8GB,Intel HD Graphics 620,5317416
HP,Probook 440,Intel Core i7 8550U 1.8GHz,8GB,Intel UHD Graphics 620,8785296
Lenovo,V110-15IAP (N3350/4GB/1TB/No,Intel Celeron Dual Core N3350 1.1GHz,4GB,Intel HD Graphics 500,2243985.12
Asus,FX753VD-GC086T (i5-7300HQ/8GB/1TB,Intel Core i5 7300HQ 2.5GHz,8GB,Nvidia GeForce GTX 1050,8340696
Lenovo,IdeaPad 320-15IKBN,Intel Core i5 7200U 2.5GHz,4GB,Nvidia GeForce 920MX,4437108
HP,Envy 13-AD007nv,Intel Core i5 7200U 2.5GHz,4GB,Intel HD Graphics 620,6215508
Acer,Aspire 5,Intel Core i3 7130U 2.7GHz,4GB,Nvidia GeForce MX130,5824260
Lenovo,ThinkPad E480,Intel Core i5 8250U 1.6GHz,8GB,AMD Radeon RX 550,9923649.84
Lenovo,Legion Y520-15IKBN,Intel Core i7 7700HQ 2.8GHz,8GB,Nvidia GeForce GTX 1050M,7727148
Toshiba,Satellite Pro,Intel Core i5 6200U 2.3GHz,4GB,Intel HD Graphics 520,5352984
HP,255 G6,AMD A6-Series 9220 2.5GHz,4GB,AMD Radeon R4 Graphics,3281148
Asus,ZenBook UX430UA,Intel Core i7 8550U 1.8GHz,8GB,Intel UHD Graphics 620,9772308
HP,EliteBook Folio,Intel Core M 6Y75 1.2GHz,8GB,Intel HD Graphics 515,17908488
Asus,X541NA (N3350/4GB/1TB/FHD/W10),Intel Celeron Dual Core N3350 1.1GHz,4GB,Intel HD Graphics 500,3058848
MSI,GE72MVR 7RG,Intel Core i7 7700HQ 2.8GHz,16GB,Nvidia GeForce GTX 1070,18041868
Acer,Aspire A315-51,Intel Core i3 6006U 2GHz,4GB,Intel HD Graphics 520,3974724
Dell,Inspiron 5577,Intel Core i7 7700HQ 2.8GHz,16GB,Nvidia GeForce GTX 1050,11108419.92
Dell,Inspiron 7567,Intel Core i7 7700HQ 2.8GHz,8GB,Nvidia GeForce GTX 1050,7993908
Lenovo,V110-15IKB (i5-7200U/4GB/128GB/W10),Intel Core i5 7200U 2.5GHz,4GB,Intel HD Graphics 620,4428216
MSI,GE73VR 7RE,Intel Core i7 7700HQ 2.8GHz,16GB,Nvidia GeForce GTX 1060,16805880
HP,EliteBook 840,Intel Core i5 7500U 2.7GHz,4GB,Intel HD Graphics 620,9621144
HP,15-BS103nv (i5-8250U/6GB/256GB/Radeon,Intel Core i5 8250U 1.6GHz,6GB,AMD Radeon 520,5504148
Lenovo,Yoga 520-14IKB,Intel Core i3 7100U 2.4GHz,4GB,Intel HD Graphics 620,5593068
Asus,ZenBook Flip,Intel Core i5 8250U 1.6GHz,8GB,Intel HD Graphics 620,11692980
Dell,Inspiron 5579,Intel Core i7 8550U 1.8GHz,8GB,Intel UHD Graphics 620,9327708
Toshiba,Satellite Pro,Intel Core i3 6006U 2.2GHz,4GB,Intel HD Graphics 520,3974724
Asus,X555BP-XX180T (A9-9420/4GB/1TB/Radeon,AMD A9-Series 9420 3GHz,4GB,AMD Radeon R5 M420,3583476
Acer,Aspire A517-51G,Intel Core i5 8250U 1.6GHz,4GB,Nvidia GeForce MX150,7158060
Dell,Inspiron 3576,Intel Core i5 8250U 1.6GHz,8GB,AMD Radeon 520,6473376
Lenovo,Legion Y520-15IKBN,Intel Core i7 7700HQ 2.8GHz,16GB,Nvidia GeForce GTX 1050 Ti,9594468
Acer,Aspire A315-31,Intel Celeron Dual Core N3350 1.1GHz,4GB,Intel HD Graphics 500,3094416
MSI,GE63VR 7RE,Intel Core i7 7700HQ 2.8GHz,16GB,Nvidia GeForce GTX 1060,15996708
Acer,Aspire 3,Intel Pentium Quad Core N4200 1.1GHz,4GB,Intel HD Graphics 505,3232330.92
Dell,Inspiron 5577,Intel Core i7 7700HQ 2.8GHz,8GB,Nvidia GeForce GTX 1050,9429877.08
Acer,Aspire A517-51G,Intel Core i5 8250U 1.6GHz,8GB,Nvidia GeForce MX150,7593768
HP,ProBook 430,Intel Core i5 8250U 1.6GHz,4GB,Intel UHD Graphics 620,6704568
Huawei,MateBook X,Intel Core i5 7200U 2.5GHz,8GB,Intel HD Graphics 620,11995308
HP,17-bs001nv (i5-7200U/6GB/2TB/Radeon,Intel Core i5 7200U 2.5GHz,6GB,AMD Radeon 520,6215508
Lenovo,IdeaPad 320-15AST,AMD A6-Series 9220 2.9GHz,4GB,AMD Radeon R4 Graphics,2747628
Toshiba,Satellite Pro,Intel Core i3 7100U 2.4GHz,4GB,Intel HD Graphics 620,4348188
HP,ProBook 470,Intel Core i5 8250U 1.6GHz,8GB,Nvidia GeForce 930MX,8207316
Dell,Inspiron 3567,Intel Core i3 7100U 2.4GHz,8GB,Intel HD Graphics 620,4081428
Acer,Aspire A315-51,Intel Core i3 6006U 2GHz,4GB,Intel HD Graphics 520,3992508
MSI,GT80S 6QF-074US,Intel Core i7 6920HQ 2.9GHz,32GB,Nvidia GTX 980 SLI,24888708
Lenovo,V310-15IKB (i5-7200U/8GB/1TB,Intel Core i5 7200U 2.5GHz,8GB,AMD R17M-M1-70,7229196
HP,Spectre x360,Intel Core i5 8250U 1.6GHz,8GB,Intel UHD Graphics 620,13329108
Dell,Inspiron 5570,Intel Core i7 8550U 1.8GHz,16GB,AMD Radeon 530,9327708
Dell,XPS 13,Intel Core i5 8250U 1.6GHz,8GB,Intel UHD Graphics 620,12439908
Lenovo,Yoga 920-13IKB,Intel Core i7 8550U 1.8GHz,16GB,Intel UHD Graphics 620,16441308
Toshiba,Satellite Pro,Intel Core i5 7200U 2.5GHz,8GB,Intel HD Graphics 620,7051356
Xiaomi,Mi Notebook,Intel Core i5 8250U 1.6GHz,8GB,Nvidia GeForce MX150,10661508
Dell,Inspiron 7773,Intel Core i7 8550U 1.8GHz,16GB,Nvidia GeForce 150MX,13773708
Dell,XPS 15,Intel Core i7 7700HQ 2.8GHz,16GB,Nvidia GeForce GTX 1050,21314124
Lenovo,Legion Y520-15IKBN,Intel Core i5 7300HQ 2.5GHz,8GB,Nvidia GeForce GTX 1050,6926868
Acer,Swift 7,Intel Core i5 7Y54 1.2GHz,8GB,Intel HD Graphics 615,8794188
Dell,Inspiron 5770,Intel Core i7 8550U 1.8GHz,8GB,AMD Radeon 530,9647820
Lenovo,Thinkpad Yoga,Intel Core i7 7500U 2.7GHz,16GB,Intel HD Graphics 620,25111008
Vero,K147 (N3350/4GB/32GB/FHD/W10),Intel Celeron Dual Core N3350 1.1GHz,4GB,Intel HD Graphics 500,2311920
Xiaomi,Mi Notebook,Intel Core i5 7200U 2.5GHz,8GB,Nvidia GeForce MX150,8891110.8
Lenovo,IdeaPad 320-17IKBR,Intel Core i5 8250U 1.6GHz,8GB,Nvidia GeForce MX150,6206616
Dell,Inspiron 5379,Intel Core i7 8550U 1.8GHz,8GB,Intel UHD Graphics 620,7460388
HP,ProBook 470,Intel Core i5 8250U 1.6GHz,8GB,Nvidia GeForce 930MX,8127288
Razer,Blade Pro,Intel Core i7 7820HK 2.9GHz,32GB,Nvidia GeForce GTX 1080,54232308
HP,ProBook 430,Intel Core i5 8250U 1.6GHz,8GB,Intel UHD Graphics 620,8527428
HP,Omen 17-W295,Intel Core i7 7700HQ 2.8GHz,16GB,Nvidia GeForce GTX 1050,12262068
HP,Probook 470,Intel Core i7 8550U 1.8GHz,8GB,Nvidia GeForce 930MX,9292140
Dell,Inspiron 7577,Intel Core i7 7700HQ 2.8GHz,16GB,Nvidia GeForce GTX 1060,16405740
Lenovo,V110-15ISK (i5-6200U/4GB/128GB/W10),Intel Core i5 6200U 2.3GHz,4GB,Intel HD Graphics 520,4383756
Acer,Aspire E5-576G,Intel Core i7 7500U 2.7GHz,8GB,Nvidia GeForce 940MX,6597864
Lenovo,Legion Y720-15IKB,Intel Core i7 7700HQ 2.8GHz,16GB,Nvidia GeForce GTX 1060,15552108
Dell,Precision 7520,Intel Xeon E3-1505M V6 3GHz,16GB,Nvidia Quadro M1200,27165060
Lenovo,Legion Y520-15IKBN,Intel Core i7 7700HQ 2.8GHz,16GB,Nvidia GeForce GTX 1060,12431016
Dell,Inspiron 3567,Intel Core i3 7100U 2.4GHz,6GB,Intel HD Graphics 620,3903588
Dell,XPS 13,Intel Core i7 8550U 1.8GHz,8GB,Intel UHD Graphics 620,17330508
Dell,XPS 13,Intel Core i7 8550U 1.8GHz,8GB,Intel UHD Graphics 620,12884508
Lenovo,IdeaPad 320-15IKBN,Intel Core i5 7200U 2.5GHz,8GB,Intel HD Graphics 620,5308524
Acer,Aspire 7,Intel Core i7 7700HQ 2.8GHz,8GB,Nvidia GeForce GTX 1050,6926868
Asus,ROG GL703VD-GC028T,Intel Core i7 7700HQ 2.8GHz,16GB,Nvidia GeForce GTX 1050,12511044
HP,15-bs018nq (i3-6006U/4GB/500GB/FHD/No,Intel Core i3 6006U 2GHz,4GB,Intel HD Graphics 520,3103308
Lenovo,IdeaPad 320-15IKBN,Intel Core i5 7200U 2.5GHz,8GB,Intel HD Graphics 620,4881708
Huawei,MateBook X,Intel Core i7 7500U 2.7GHz,8GB,Intel HD Graphics 620,13329108
Dell,Inspiron 5370,Intel Core i7 8550U 1.8GHz,8GB,AMD Radeon 530,8286276.96
Lenovo,IdeaPad 320-17IKB,Intel Core i5 7200U 2.5GHz,8GB,Nvidia GeForce GTX 940MX,5237388
HP,Probook 440,Intel Core i7 8550U 1.8GHz,8GB,Nvidia GeForce 930MX,9167652
Dell,Latitude 5490,Intel Core i5 8250U 1.6GHz,8GB,Intel UHD Graphics 620,10216908
Dell,Inspiron 5379,Intel Core i7 8550U 1.8GHz,16GB,Intel UHD Graphics 620,11372868
Dell,Inspiron 3576,Intel Core i5 8250U 1.6GHz,8GB,AMD Radeon 520,6022996.2
Lenovo,Yoga 520-14IKB,Intel Core i5 8250U 1.6GHz,8GB,Intel UHD Graphics 620,7993908
Toshiba,Portege Z30-C-16L,Intel Core i7 6500U 2.5GHz,8GB,Intel HD Graphics 520,12119796
HP,ProBook 450,Intel Core i5 8250U 1.6GHz,8GB,Intel UHD Graphics 620,7060248
Dell,Alienware 17,Intel Core i7 7700HQ 2.8GHz,16GB,Nvidia GeForce GTX 1060,21841775.28
Acer,Aspire E5-576G,Intel Core i7 7500U 2.7GHz,8GB,Nvidia GeForce 940MX,7398144
Dell,Inspiron 5567,Intel Core i7 7500U 2.7GHz,16GB,AMD Radeon R7 M445,7638316.92
Asus,Vivobook X541UV-DM1217T,Intel Core i5 7200U 2.5GHz,8GB,Nvidia GeForce 920MX,6837948
Asus,K756UX-T4340T (i5-7200U/8GB/500GB,Intel Core i5 7200U 2.5GHz,8GB,Nvidia GeForce GTX 950M,7922772
HP,ZBook 15u,Intel Core i7 7500U 2.7GHz,8GB,AMD FirePro W4190M,11283948
Asus,Pro P2540UA-XO0198T,Intel Core i3 7100U 2.4GHz,4GB,Intel HD Graphics 620,3547819.08
HP,15-rb013nv (E2-9000e/4GB/500GB/W10),AMD E-Series 9000e 1.5GHz,4GB,AMD Radeon R2,2934360
Lenovo,Legion Y720-15IKB,Intel Core i7 7700HQ 2.8GHz,16GB,Nvidia GeForce GTX 1060,13329108
Dell,Vostro 5468,Intel Core i5 7200U 2.5GHz,8GB,Intel HD Graphics 620,7638228
Acer,Aspire R7,Intel Core i5 6200U 2.3GHz,8GB,Intel HD Graphics 520,6126588
Dell,Inspiron 5567,Intel Core i7 7500U 2.7GHz,16GB,AMD Radeon R7 M445,7993908
Acer,Aspire A315-51,Intel Core i3 6006U 2GHz,4GB,Intel HD Graphics 520,3467880
Asus,X555QG-DM242T (A10-9620P/4GB/1TB,AMD A10-Series A10-9620P 2.5GHz,4GB,AMD Radeon R5 M430,5112900
Asus,ROG G703VI-E5062T,Intel Core i7 7820HK 2.9GHz,32GB,Nvidia GeForce GTX 1080,34589880
Acer,Nitro AN515-51,Intel Core i5 7300HQ 2.5GHz,8GB,Nvidia GeForce GTX 1050,7522632
Lenovo,IdeaPad 320-15ISK,Intel Core i3 6006U 2GHz,8GB,Intel HD Graphics 520,5237388
Asus,VivoBook Pro,Intel Core i7 8550U 1.8GHz,8GB,Nvidia GeForce 150MX,10181340
Asus,F756UX-T4201D (i7-7500U/8GB/128GB,Intel Core i7 7500U 2.7GHz,8GB,Nvidia GeForce GTX 950M,7904988
Dell,Inspiron 5577,Intel Core i5 7300HQ 2.5GHz,8GB,Nvidia GeForce GTX 1050,7816068
Lenovo,Yoga 910-13IKB,Intel Core i7 7500U 2.7GHz,8GB,Intel HD Graphics 620,9594468
Dell,Inspiron 5570,Intel Core i7 8550U 1.8GHz,8GB,AMD Radeon 530,8758620
HP,15-bs015dx (i5-7200U/8GB/1TB/W10),Intel Core i5 7200U 2.5GHz,8GB,Intel HD Graphics 620,4970628
Asus,Rog G701VIK-BA060T,Intel Core i7 7820HK 2.9GHz,16GB,Nvidia GeForce GTX 1080,26667108
HP,ProBook 430,Intel Core i5 8250U 1.6GHz,4GB,Intel UHD Graphics 620,6002100
Apple,MacBook Pro,Intel Core i5 3.1GHz,8GB,Intel Iris Plus Graphics 650,18139680
Dell,Inspiron 5579,Intel Core i7 8550U 1.8GHz,8GB,Intel UHD Graphics 620,7282548
Asus,ROG G752VSK-GC493T,Intel Core i7 7700HQ 2.8GHz,16GB,Nvidia GeForce GTX 980M,15996708
Asus,X505BP-BR019T (A9-9420/4GB/1TB/Radeon,AMD A9-Series 9420 3GHz,4GB,AMD Radeon R5 M420,4170348
Lenovo,Yoga 920-13IKB,Intel Core i7 8550U 1.8GHz,8GB,Intel UHD Graphics 620,16441308
Acer,Aspire 5,Intel Core i3 7130U 2.7GHz,4GB,Nvidia GeForce MX130,6242184
Dell,Vostro 5370,Intel Core i5 8250U 1.6GHz,8GB,Intel UHD Graphics 620,8438508
HP,15-BW094nd (A6-9220/8GB/128GB/W10),AMD A6-Series A6-9220 2.5GHz,8GB,AMD Radeon R4 Graphics,3964942.8
HP,Envy 17-U275cl,Intel Core i7 8550U 1.8GHz,16GB,Nvidia GeForce MX150,9416628
MSI,GT73EVR 7RE,Intel Core i7 7700HQ 2.8GHz,16GB,Nvidia GeForce GTX 1070,22221108
Lenovo,Yoga 720-15IKB,Intel Core i7 7700HQ 2.8GHz,8GB,Nvidia GeForce GTX 1050M,15107508
Dell,Inspiron 5770,Intel Core i7 8550U 1.8GHz,8GB,AMD Radeon 530,10154664
Lenovo,IdeaPad 320-15ISK,Intel Core i3 6006U 2GHz,4GB,Intel HD Graphics 520,3948048
HP,ProBook 450,Intel Core i5 8250U 1.6GHz,4GB,Intel HD Graphics 620,6420024
Dell,Vostro 3568,Intel Core i5 7200U 2.5GHz,4GB,Intel HD Graphics 620,5842044
Dell,Inspiron 3567,Intel Core i5 7200U 2.5GHz,8GB,AMD Radeon R5 M430,5023980
Dell,Inspiron 5579,Intel Core i5 8250U 1.6GHz,8GB,Intel UHD Graphics 620,7104708
Asus,ZenBook Flip,Intel Core i7 8550U 1.8GHz,8GB,Intel UHD Graphics 620,13329108
Lenovo,IdeaPad 320-15IKBN,Intel Core i5 7200U 2.5GHz,4GB,Intel HD Graphics 620,4152564
HP,Probook 470,Intel Core i7 8550U 1.8GHz,8GB,Nvidia GeForce 930MX,9052056
Lenovo,V330-15IKB (i7-8550U/8GB/256GB/FHD/W10),Intel Core i7 8550U 1.8GHz,8GB,Intel UHD Graphics 620,7824960
Apple,MacBook Pro,Intel Core i5 2.9GHz,8GB,Intel Iris Graphics 550,17418538.8
Asus,Rog Strix,AMD Ryzen 1700 3GHz,16GB,AMD Radeon RX 580,13773708
Dell,Inspiron 3576,Intel Core i7 8550U 1.8GHz,8GB,AMD Radeon 520,6536242.44
Lenovo,ThinkPad X1,Intel Core i7 6600U 2.6GHz,16GB,Intel HD Graphics 520,22221108
Toshiba,Satellite Pro,Intel Core i7 6500U 2.5GHz,8GB,Nvidia GeForce 930M,7220304
Dell,Inspiron 5567,Intel Core i7 7500U 2.7GHz,12GB,Intel HD Graphics 620,6340618.44
Dell,Inspiron 5770,Intel Core i7 8550U 1.8GHz,8GB,AMD Radeon 530,9772308
Acer,Aspire A515-51G,Intel Core i7 8550U 1.8GHz,8GB,Nvidia GeForce MX130,6624540
Lenovo,IdeaPad 320-17ISK,Intel Core i3 6006U 2GHz,4GB,Intel HD Graphics 520,4348188
Lenovo,IdeaPad 320-17IKBR,Intel Core i7 8550U 1.8GHz,8GB,Nvidia GeForce MX150,7549308
Lenovo,IdeaPad 320-17IKB,Intel Core i7 7500U 2.7GHz,6GB,Nvidia GeForce 940MX,7638228
Dell,Inspiron 3567,Intel Core i3 6006U 2.0GHz,4GB,AMD Radeon R5 M430,3805776
Lenovo,Legion Y520-15IKBN,Intel Core i5 7300HQ 2.5GHz,8GB,Nvidia GeForce GTX 1050,7371468
Lenovo,Ideapad 320-15IKBN,Intel Core i5 7200U 2.5GHz,6GB,Intel HD Graphics 620,5148468
Acer,Aspire A517-51G,Intel Core i7 8550U 1.8GHz,8GB,Nvidia GeForce MX150,8456292
Acer,SP315-51 (i7-7500U/12GB/1TB/FHD/W10),Intel Core i7 7500U 2.7GHz,12GB,Intel HD Graphics 620,5859828
Lenovo,Thinkpad T570,Intel Core i7 7500U 2.7GHz,8GB,Intel HD Graphics 630,9754524
Asus,VivoBook S15,Intel Core i5 7200U 2.5GHz,8GB,Nvidia GeForce 940MX,8687484
Lenovo,Legion Y520-15IKBN,Intel Core i7 7700HQ 2.8GHz,16GB,Nvidia GeForce GTX 1050 Ti,10483668
Lenovo,IdeaPad 320-15IKB,Intel Core i7 7500U 2.7GHz,8GB,Nvidia GeForce 940MX,5859916.92
Acer,Chromebook C910-C2ST,Intel Celeron Dual Core 3205U 1.5GHz,2GB,Intel HD Graphics,1769508
Asus,FX753VD-GC071T (i7-7700HQ/8GB/1TB/GeForce,Intel Core i7 7700HQ 2.8GHz,8GB,Nvidia GeForce GTX 1050,10554804
HP,17-BS037cl (i3-6006U/8GB/1TB/W10),Intel Core i3 6006U 2GHz,8GB,Intel HD Graphics 520,4348188
Dell,XPS 15,Intel Core i7 7700HQ 2.8GHz,8GB,Nvidia GeForce GTX 1050,16263468
Lenovo,V330-15IKB (i5-8250U/8GB/256GB/FHD/W10),Intel Core i5 8250U 1.6GHz,8GB,Intel UHD Graphics 620,6571188
Lenovo,Legion Y720-15IKB,Intel Core i7 7700HQ 2.8GHz,8GB,Nvidia GeForce GTX 1060,11550708
Acer,Aspire A715-71G,Intel Core i7 7700HQ 2.8GHz,8GB,Nvidia GeForce GTX 1050 Ti,8705268
Dell,Precision 7720,Intel Core i7 7820HQ 2.9GHz,16GB,Nvidia Quadro M1200,25652175.12
Lenovo,IdeaPad 310-15ABR,AMD A10-Series 9600P 2.4GHz,6GB,AMD Radeon R5 430,4437108
Asus,ZenBook UX530UQ-PRO,Intel Core i7 7500U 2.7GHz,16GB,Nvidia GeForce 940MX,13053456
Asus,VivoBook S14,Intel Core i3 7100U 2.4GHz,4GB,Intel HD Graphics 620,4526028
Asus,Rog GL702VS-GC095T,Intel Core i7 7700HQ 2.8GHz,16GB,Nvidia GeForce GTX 1070,18868824
Lenovo,IdeaPad 320-17IKB,Intel Core i5 7200U 2.5GHz,6GB,Nvidia GeForce GTX 940M,5770908
Lenovo,IdeaPad 320-15IKBN,Intel Core i5 7200U 2.5GHz,8GB,Nvidia GeForce 940MX,4881708
Asus,GL553VE-FY082T (i7-7700HQ/8GB/1TB,Intel Core i7 7700HQ 2.8GHz,8GB,Nvidia GeForce GTX 1050 Ti,11248380
Lenovo,IdeaPad 320-15IAP,Intel Pentium Quad Core N4200 1.1GHz,4GB,Intel HD Graphics 505,3201031.08
HP,EliteBook x360,Intel Core i7 7600U 2.8GHz,16GB,Intel HD Graphics 620,17561700
Toshiba,Satellite Pro,Intel Core i7 6500U 2.5GHz,8GB,Nvidia GeForce 930M,9274356
Lenovo,IdeaPad 320-15IKB,Intel Core i5 7200U 2.5GHz,8GB,Nvidia GeForce 940MX,7282548
HP,250 G6,Intel Core i3 6006U 2GHz,4GB,Intel HD Graphics 520,4170348
Lenovo,IdeaPad 720S-13IKB,Intel Core i5 7200U 2.5GHz,8GB,Intel HD Graphics 620,8883108
Dell,XPS 13,Intel Core i7 8550U 1.8GHz,16GB,Intel UHD Graphics 620,22221108
MSI,GE63VR 7RF,Intel Core i7 7700HQ 2.8GHz,16GB,Nvidia GeForce GTX 1070,18664308
Acer,ES1-523-84K7 (A8-7410/8GB/256GB/FHD/W10),AMD A8-Series 7410 2.2GHz,8GB,AMD Radeon R5,4170348
Asus,VivoBook Flip,Intel Celeron Dual Core N3350 1.1GHz,2GB,Intel HD Graphics 500,2445300
Dell,Inspiron 5570,Intel Core i5 8250U 1.6GHz,8GB,AMD Radeon 530,7504848
HP,Spectre x360,Intel Core i7 8550U 1.8GHz,16GB,Intel UHD Graphics 620,21776508
Lenovo,ThinkPad 13,Intel Celeron Dual Core 3855U 1.6GHz,4GB,Intel HD Graphics 510,4089430.8
HP,ProBook 640,Intel Core i5 7200U 2.5GHz,8GB,Intel HD Graphics 620,8714160
Acer,TravelMate B,Intel Pentium Quad Core N3710 1.6GHz,4GB,Intel HD Graphics 405,4312620
HP,Elitebook 840,Intel Core i7 7500U 2.7GHz,8GB,Intel HD Graphics 620,11488464
Lenovo,IdeaPad 320-17IKB,Intel Core i5 7200U 2.5GHz,4GB,Nvidia GeForce 920MX,5237388
Asus,ZenBook UX410UA-GV183T,Intel Core i7 7500U 2.7GHz,8GB,Intel HD Graphics 620,9727848
HP,ProBook 450,Intel Core i7 8550U 1.8GHz,8GB,Intel UHD Graphics 620,8020584
Acer,Aspire 5,AMD A12-Series 9720P 2.7GHz,8GB,AMD Radeon RX 540,5859828
Lenovo,IdeaPad 120S-14IAP,Intel Celeron Dual Core N3350 1.1GHz,4GB,Intel HD Graphics 500,2596464
Acer,Aspire E5-575,Intel Core i5 7200U 2.5GHz,6GB,Intel HD Graphics 620,4881708
Asus,VivoBook S15,Intel Core i7 7500U 2.7GHz,8GB,Nvidia GeForce 940MX,9335710.8
HP,Elitebook 820,Intel Core i7 7500U 2.7GHz,8GB,Intel HD Graphics 620,11870820
Dell,XPS 15,Intel Core i7 7700HQ 2.8GHz,32GB,Nvidia GeForce GTX 1050,23465988
MSI,GL72M 7REX,Intel Core i7 7700HQ 2.8GHz,8GB,Nvidia GeForce GTX 1050 Ti,10661508
Toshiba,Satellite Pro,Intel Core i5 7200U 2.5GHz,8GB,Intel HD Graphics 620,8385156
Asus,UX510UX-CN269T (i7-7500U/8GB/256GB,Intel Core i7 7500U 2.7GHz,8GB,Intel HD Graphics 620,11861928
Lenovo,V310-15ISK (i3-6006U/4GB/1TB/FHD/W10),Intel Core i3 6006U 2GHz,4GB,Intel HD Graphics 520,3992508
Asus,FX553VD-FY647T (i7-7700HQ/8GB/256GB/GeForce,Intel Core i7 7700HQ 2.8GHz,8GB,Nvidia GeForce GTX 1050,8883108
HP,EliteBook 840,Intel Core i5 7300U 2.6GHz,8GB,Intel HD Graphics 620,11275056
Dell,Inspiron 7570,Intel Core i5 8250U 1.6GHz,8GB,Nvidia GeForce 940MX,9327708
HP,Elitebook 850,Intel Core i5 7200U 2.5GHz,8GB,Intel HD Graphics 620,10172448
Asus,X541NA (N3350/4GB/1TB/Linux),Intel Celeron Dual Core N3350 1.1GHz,4GB,Intel HD Graphics 500,2445211.08
Dell,Inspiron 7570,Intel Core i5 8250U 1.6GHz,8GB,Nvidia GeForce 940MX,10161333
Dell,Inspiron 3552,Intel Celeron Dual Core N3060 1.6GHz,4GB,Intel HD Graphics,2444410.8
Lenovo,IdeaPad 320-15ABR,AMD A12-Series 9720P 3.6GHz,12GB,AMD Radeon 530,7993908
HP,ProBook 450,Intel Core i3 7100U 2.4GHz,8GB,Nvidia GeForce 930MX,6366672
Lenovo,Yoga 920-13IKB,Intel Core i7 8550U 1.8GHz,16GB,Intel UHD Graphics 620,18664308
Dell,XPS 13,Intel Core i7 8550U 1.8GHz,8GB,Intel UHD Graphics 620,14040468
Lenovo,Legion Y520-15IKBN,Intel Core i7 7700HQ 2.8GHz,16GB,Nvidia GeForce GTX 1050 Ti,10039068
HP,Stream 14-AX001nv,Intel Celeron Dual Core N3060 1.6GHz,2GB,Intel HD Graphics 400,2480868
Dell,Latitude 5590,Intel Core i7 8650U 1.9GHz,16GB,Intel UHD Graphics 620,14297980.32
Asus,VivoBook Flip,Intel Celeron Dual Core N3350 1.1GHz,4GB,Intel HD Graphics 500,3334500
Dell,Inspiron 5570,Intel Core i5 8250U 1.6GHz,8GB,AMD Radeon 530,5895396
Dell,XPS 15,Intel Core i7 7700HQ 2.8GHz,16GB,Nvidia GeForce GTX 1050,18027818.64
HP,Elitebook 850,Intel Core i7 7500U 2.7GHz,8GB,Intel HD Graphics 620,11595168
MSI,GP72MVR 7RFX,Intel Core i7 7700HQ 2.8GHz,8GB,Nvidia GeForce GTX 1060,12528828
HP,Zbook 15,Intel Core i7 7700HQ 2.8GHz,8GB,Nvidia Quadro M1200,15456696.84
Toshiba,Tecra A50-C-21G,Intel Core i7 6500U 2.5GHz,16GB,Nvidia GeForce 930M,12475476
Dell,Inspiron 5570,Intel Core i7 8550U 1.8GHz,8GB,AMD Radeon 530,8633242.8
Lenovo,IdeaPad 320-15IAP,Intel Celeron Dual Core N3350 1.1GHz,4GB,Intel HD Graphics 500,2863135.08
Dell,Inspiron 7577,Intel Core i5 7300HQ 2.5GHz,8GB,Nvidia GeForce GTX 1050,8883108
Dell,Inspiron 3567,Intel Core i5 7200U 2.5GHz,8GB,Intel HD Graphics 620,4956134.04
Dell,Latitude 7480,Intel Core i5 7300U 2.6GHz,8GB,Intel HD Graphics 620,12688884
HP,250 G6,Intel Core i3 6006U 2GHz,4GB,Intel HD Graphics 520,3903588
Asus,Zenbook UX410UA-GV027T,Intel Core i5 7200U 2.5GHz,8GB,Intel HD Graphics 620,8402940
Lenovo,IdeaPad 320-17IKB,Intel Core i5 7200U 2.5GHz,6GB,Nvidia GeForce GTX 940MX,6393348
HP,250 G6,Intel Core i5 7200U 2.5GHz,8GB,Intel HD Graphics 620,5681988
Lenovo,IdeaPad 320-15ISK,Intel Core i3 6006U 2GHz,8GB,Nvidia GeForce 920MX,4437108
HP,15-AY023na (N3710/8GB/2TB/W10),Intel Pentium Quad Core N3710 1.6GHz,8GB,Intel HD Graphics 405,3458988
Dell,Inspiron 5770,Intel Core i5 8250U 1.6GHz,8GB,AMD Radeon 530,9647820
Lenovo,Legion Y520-15IKBN,Intel Core i5 7300HQ 2.5GHz,8GB,Nvidia GeForce GTX 1050,7193628
Dell,Inspiron 5567,Intel Core i7 7500U 2.7GHz,8GB,AMD Radeon R7 M445,7993908
HP,Elitebook 1040,Intel Core i7 7500U 2.7GHz,8GB,Intel HD Graphics 620,15561000
Asus,ZenBook Flip,Intel Core i7 7500U 2.7GHz,12GB,Nvidia GeForce GT 940MX,9772308
Acer,Aspire 3,AMD A9-Series 9420 3GHz,4GB,AMD Radeon R5,3787992
Asus,Rog Strix,AMD Ryzen 1700 3GHz,16GB,AMD Radeon RX 580,19553508
Lenovo,IdeaPad 110-17ACL,AMD A8-Series 7410 2.2GHz,4GB,AMD Radeon R5,4348188
Dell,Inspiron 5379,Intel Core i7 8550U 1.8GHz,8GB,Intel UHD Graphics 620,7727236.92
HP,15-bw003nv (A9-Series-9420/4GB/256GB/FHD/W10),AMD A9-Series 9420 3GHz,4GB,AMD Radeon R5,4348099.08
Lenovo,Yoga 11e,Intel Celeron Quad Core N3450 1.1GHz,4GB,Intel HD Graphics 500,4917276
Dell,Inspiron 3552,Intel Celeron Dual Core N3060 1.60GHz,4GB,Intel HD Graphics 400,2747628
Asus,VivoBook E403NA,Intel Celeron Dual Core N3350 1.1GHz,4GB,Intel HD Graphics 500,2543112
Acer,Aspire 7,Intel Core i7 7700HQ 2.8GHz,8GB,Nvidia GeForce GTX 1050,7522632
HP,Omen 17-w212nv,Intel Core i7 7700HQ 2.8GHz,8GB,Nvidia GeForce GTX 1050,10590372
Lenovo,V310-15ISK (i3-6006U/4GB/128GB/FHD/No,Intel Core i3 6006U 2GHz,4GB,Intel HD Graphics 520,3587922
Asus,ROG Strix,Intel Core i7 7700HQ 2.8GHz,8GB,Nvidia GeForce GTX 1060,14716260
Lenovo,IdeaPad 720S-14IKB,Intel Core i5 7200U 2.5GHz,8GB,Nvidia GeForce 940MX,9772308
Asus,Zenbook Flip,Intel Core i7 7500U 2.7GHz,16GB,Intel HD Graphics 620,15551218.8
Lenovo,Thinkpad X1,Intel Core i7 7500U 2.7GHz,8GB,Intel HD Graphics 620,20291544
Lenovo,Ideapad 510S-13IKB,Intel Core i3 7100U 2.4GHz,4GB,Intel HD Graphics 620,4881708
Dell,Precision 3510,Intel Core i5 6440HQ 2.6GHz,8GB,AMD FirePro W5130M,12173148
Dell,Precision 5520,Intel Core i7 6820HQ 2.7GHz,8GB,Nvidia Quadro M1200,18984420
Lenovo,ThinkPad X1,Intel Core i7 7500U 2.7GHz,16GB,Intel HD Graphics 620,22310028
Asus,Rog GL753VD-GC042T,Intel Core i7 7700HQ 2.8GHz,8GB,Nvidia GeForce GTX 1050,9238788
Asus,Rog GL753VE-GC070T,Intel Core i7 7700HQ 2.8GHz,16GB,Nvidia GeForce GTX 1050 Ti,14147172
Acer,Aspire 5,Intel Core i5 8250U 1.6GHz,12GB,Nvidia GeForce MX130,6170959.08
MSI,Leopard GP72M,Intel Core i7 7700HQ 2.8GHz,8GB,Nvidia GeForce GTX 1050 Ti,11995308
Dell,Inspiron 5567,Intel Core i7 7500U 2.7GHz,8GB,AMD Radeon R7 M445,6925712.04
HP,15-BW004nv (A9-9420/4GB/256GB/Radeon,AMD A9-Series 9420 3GHz,4GB,AMD Radeon 520,4437108
Lenovo,ThinkPad E580,Intel Core i7 8550U 1.8GHz,8GB,AMD Radeon RX 550,10933247.52
Lenovo,ThinkPad L470,Intel Core i5 7200U 2.5GHz,8GB,Intel HD Graphics 620,8340696
Dell,Precision M5520,Intel Core i7 7700HQ 2.8GHz,8GB,Nvidia Quadro M1200,24115104
Lenovo,Thinkpad X1,Intel Core i7 7500U 2.7GHz,16GB,Intel HD Graphics 620,23341500
Lenovo,IdeaPad 320-15IAP,Intel Celeron Dual Core N3350 1.1GHz,4GB,Intel HD Graphics 500,2720952
Asus,FX753VD-GC461T (i7-7700HQ/16GB/1TB,Intel Core i7 7700HQ 2.8GHz,16GB,Nvidia GeForce GTX 1050,13595868
Lenovo,ThinkPad E580,Intel Core i5 8250U 1.6GHz,8GB,AMD Radeon RX 550,10176894
Acer,Aspire 7,Intel Core i7 7700HQ 2.8GHz,8GB,Nvidia GeForce GTX 1050,7816068
MSI,GE73VR 7RF,Intel Core i7 7700HQ 2.8GHz,16GB,Nvidia GeForce GTX 1070,19998108
Asus,Zenbook 3,Intel Core i7 7500U 2.7GHz,8GB,Intel HD Graphics 620,16654716
Toshiba,Portege Z30-C-16P,Intel Core i7 6500U 2.5GHz,16GB,Intel HD Graphics 520,15534324
Dell,Latitude 7480,Intel Core i7 7600U 2.8GHz,8GB,Intel HD Graphics,14938560
Lenovo,IdeaPad 320-15ISK,Intel Core i3 6006U 2GHz,4GB,Intel HD Graphics 520,3636828
Lenovo,Lenovo IdeaPad,Intel Celeron Dual Core N3350 1.1GHz,2GB,Intel HD Graphics 500,2707169.4
Lenovo,ThinkPad P51,Intel Core i7 7700HQ 2.8GHz,8GB,Nvidia Quadro M1200,17117100
Lenovo,Thinkpad T470p,Intel Core i7 7700HQ 2.8GHz,8GB,Nvidia GeForce GT 940MX,17277156
HP,15-BS028nv (i3-6006U/4GB/1TB/Radeon,Intel Core i3 6006U 2GHz,4GB,AMD Radeon 520,4170348
Acer,Aspire R7,Intel Core i7 6500U 2.5GHz,8GB,Intel HD Graphics 520,7015876.92
Asus,ZenBook Flip,Intel Core i5 7200U 2.5GHz,8GB,Intel HD Graphics 620,8251776
Dell,Inspiron 3567,Intel Core i5 7200U 2.5GHz,4GB,AMD Radeon R5 M430,5325418.8
Dell,Latitude 3380,Intel Core i3 6006U 2GHz,4GB,Intel HD Graphics 520,6126588
HP,EliteBook 1040,Intel Core i7 6500U 2.5GHz,8GB,Intel HD Graphics 520,13338000
Dell,Inspiron 3567,Intel Core i5 7200U 2.5GHz,8GB,Intel HD Graphics 620,4801235.4
Lenovo,ThinkPad E480,Intel Core i7 8550U 1.8GHz,8GB,AMD Radeon RX 550,10807158.96
Lenovo,Yoga 720-15IKB,Intel Core i7 7700HQ 2.8GHz,16GB,Nvidia GeForce GTX 1050,16885908
Chuwi,LapBook 12.3,Intel Celeron Quad Core N3450 1.1GHz,6GB,Intel HD Graphics 500,3992508
HP,ProBook 650,Intel Core i7 7820HQ 2.9GHz,8GB,Intel HD Graphics 630,12688884
Asus,X542UQ-DM117 (i3-7100U/8GB/1TB/GeForce,Intel Core i3 7100U 2.4GHz,8GB,Nvidia GeForce 940MX,5308524
Dell,Alienware 17,Intel Core i7 7820HK 2.9GHz,16GB,Nvidia GeForce GTX 1070,24888708
Dell,Inspiron 7577,Intel Core i7 7700HQ 2.8GHz,8GB,Nvidia GeForce GTX 1050 Ti,10305828
Dell,Inspiron 5570,Intel Core i7 8550U 1.8GHz,8GB,AMD Radeon 530,10158220.8
Dell,Latitude 5480,Intel Core i7 7600U 2.8GHz,8GB,Intel HD Graphics 620,9772308
HP,Omen 17-w207nv,Intel Core i7 7700HQ 2.8GHz,12GB,Nvidia GeForce GTX 1070,17775108
Mediacom,FlexBook Edge,Intel Celeron Dual Core N3350 1.1GHz,4GB,Intel HD Graphics 500,2658708
Samsung,Chromebook 3,Intel Celeron Dual Core N3060 1.6GHz,4GB,Intel HD Graphics 400,2391948
Lenovo,Thinkpad 13,Intel Core i7 7500U 2.7GHz,8GB,Intel HD Graphics 620,8980920
Lenovo,IdeaPad 320s-14IKB,Intel Core i3 7130U 2.7GHz,4GB,Intel HD Graphics 620,5326308
Lenovo,Thinkpad T570,Intel Core i7 7600U 2.8GHz,16GB,Nvidia GeForce 940MX,21740940
Lenovo,Thinkpad P51,Intel Core i7 7820HQ 2.9GHz,16GB,Nvidia Quadro M2200M,21776508
Asus,Rog Strix,AMD Ryzen 1600 3.2GHz,8GB,AMD Radeon RX 580,15071940
HP,15-ra044nv (N3060/4GB/500GB/W10),Intel Celeron Dual Core N3060 1.6GHz,4GB,Intel HD Graphics 400,3085524
Google,Pixelbook (Core,Intel Core i7 7Y75 1.3GHz,16GB,Intel HD Graphics 615,19553508
Lenovo,ThinkPad T470s,Intel Core i7 7500U 2.7GHz,24GB,Intel HD Graphics 620,21180744
Asus,VivoBook Max,Intel Core i5 7200U 2.5GHz,4GB,Intel HD Graphics 620,4970628
Lenovo,IdeaPad 320-15AST,AMD A6-Series 9220 2.5GHz,8GB,AMD Radeon R4,4614948
Dell,Inspiron 5570,Intel Core i5 8250U 1.6GHz,4GB,AMD Radeon 530,6660108
Lenovo,ThinkPad X270,Intel Core i5 7200U 2.5GHz,8GB,Intel HD Graphics 620,12706668
Lenovo,IdeaPad 320-15IAP,Intel Pentium Quad Core N4200 1.1GHz,4GB,Intel HD Graphics 505,3103308
HP,Omen 15-AX205na,Intel Core i7 7700HQ 2.8GHz,8GB,Nvidia GeForce GTX 1050,9772308
Dell,Latitude 5480,Intel Core i5 7440HQ 2.8GHz,8GB,Nvidia GeForce 930MX,10483668
Acer,Aspire ES1-572,Intel Core i5 7200U 2.5GHz,4GB,Intel HD Graphics 620,3928485.6
Dell,Precision 3520,Intel Xeon E3-1505M V6 3GHz,8GB,Nvidia Quadro M620,17721756
MSI,GV62 7RD-1686NL,Intel Core i5 7300HQ 2.5GHz,8GB,Nvidia GeForce GTX 1050,9138664.08
Microsoft,Surface Laptop,Intel Core i7 7660U 2.5GHz,16GB,Intel Iris Plus Graphics 640,23021388
HP,15-bs024nv (i5-7200U/8GB/128GB/W10),Intel Core i5 7200U 2.5GHz,8GB,Intel HD Graphics 620,5237388
Dell,Precision 3520,Intel Core i7 6820HQ 2.7GHz,16GB,Nvidia Quadro M620,17561700
HP,ProBook 650,Intel Core i7 7820HQ 2.9GHz,8GB,Intel HD Graphics 620,13640328
Lenovo,ThinkPad T470,Intel Core i5 7200U 2.5GHz,8GB,Intel HD Graphics 620,11959740
Dell,Inspiron 5570,Intel Core i7 8550U 1.8GHz,8GB,AMD Radeon 530,8705268
Dell,Inspiron 3168,Intel Pentium Quad Core N3710 1.6GHz,4GB,Intel HD Graphics 405,4259268
Dell,Alienware 17,Intel Core i7 7700HQ 2.7GHz,8GB,Nvidia GeForce GTX 1060,18193032
Microsoft,Surface Laptop,Intel Core M m3-7Y30 2.2GHz,4GB,Intel HD Graphics 615,8794188
Microsoft,Surface Laptop,Intel Core i7 7660U 2.5GHz,8GB,Intel Iris Plus Graphics 640,15996708
HP,17-BS092ND (i3-6006U/8GB/256GB/W10),Intel Core i3 6006U 2GHz,8GB,Intel HD Graphics 520,5689990.8
Acer,Aspire E5-576G,Intel Core i3 6006U 2GHz,4GB,Nvidia GeForce 940MX,4837248
Acer,TravelMate B,Intel Celeron Dual Core N3060 1.6GHz,4GB,Intel HD Graphics 400,3868020
Asus,Pro P2540UA-AB51,Intel Core i5 7200U 2.5GHz,8GB,Intel HD Graphics 620,6660108
Lenovo,IdeaPad 510s-14IKB,Intel Core i7 7500U 2.7GHz,8GB,AMD Radeon R7 M460,7104708
Lenovo,Thinkpad P51,Intel Core i7 7820HQ 2.9GHz,8GB,Nvidia Quadro M2200M,18584280
Asus,X541NA-PD1003Y (N4200/4GB/500GB/W10),Intel Pentium Quad Core N4200 1.1GHz,4GB,Intel HD Graphics 500,2703168
Acer,Aspire 5,Intel Core i3 6006U 2GHz,4GB,Nvidia GeForce GTX 940MX,4170348
Dell,Inspiron 5570,Intel Core i5 8250U 1.6GHz,8GB,AMD Radeon 530,6749028
HP,Omen 17-an006nv,Intel Core i7 7700HQ 2.8GHz,12GB,Nvidia GeForce GTX 1060,15107508
Lenovo,Thinkpad T460s,Intel Core i7 6600U 2.6GHz,12GB,Intel HD Graphics 520,16521336
HP,Spectre x360,Intel Core i7 8550U 1.8GHz,8GB,Intel UHD Graphics 620,17775108
HP,ZBook 15u,Intel Core i5 7200U 2.5GHz,8GB,AMD FirePro W4190M,10261368
Google,Pixelbook (Core,Intel Core i5 7Y57 1.2GHz,8GB,Intel HD Graphics 615,11337300
Dell,Latitude 7390,Intel Core i5 8250U 1.6GHz,8GB,Intel UHD Graphics 620,16377730.2
Asus,ZenBook Pro,Intel Core i7 6700HQ 2.6GHz,12GB,Intel HD Graphics 530,11550708
Dell,Latitude E5470,Intel Core i3 6100U 2.3GHz,8GB,Intel HD Graphics 520,6580080
Dell,Precision M5520,Intel Core i7 7700HQ 2.8GHz,8GB,Nvidia Quadro M1200,21411936
Lenovo,Thinkpad T470,Intel Core i5 7200U 2.5GHz,8GB,Intel HD Graphics 620,12128688
Dell,Inspiron 3576,Intel Core i5 8250U 1.6GHz,8GB,AMD Radeon 520,6002100
Toshiba,Portege X30-D-10J,Intel Core i5 7200U 2.5GHz,8GB,Intel HD Graphics 620,14867424
Dell,Inspiron 7570,Intel Core i7 8550U 1.8GHz,8GB,Nvidia GeForce 940MX,11221704
Dell,Vostro 3568,Intel Core i3 7100U 2.4GHz,4GB,Intel HD Graphics 620,5216047.2
HP,ProBook 430,Intel Core i5 8250U 1.6GHz,4GB,Intel UHD Graphics 620,6455592
Chuwi,"Lapbook 15,6",Intel Atom x5-Z8350 1.44GHz,4GB,Intel HD Graphics,2213218.8
Lenovo,ThinkPad E570,Intel Core i3 6006U 2.0GHz,4GB,Intel HD Graphics 520,5023980
Lenovo,ThinkPad E480,Intel Core i5 8250U 1.6GHz,8GB,Intel UHD Graphics 620,9327708
Dell,Precision 3520,Intel Core i7 6820HQ 2.7GHz,16GB,Nvidia Quadro M620,20789496
Dell,XPS 15,Intel Core i7 7700HQ 2.8GHz,16GB,Nvidia GeForce GTX 1050,16885908
Lenovo,Thinkpad X270,Intel Core i7 7500U 2.7GHz,16GB,Intel HD Graphics 620,15987816
Asus,Zenbook UX390UA,Intel Core i7 7500U 2.7GHz,16GB,Intel HD Graphics 620,17339400
Lenovo,Thinkpad E570,Intel Core i5 7200U 2.5GHz,8GB,Nvidia GeForce 940MX,8998615.08
Toshiba,Portege X30-D-10L,Intel Core i7 7500U 2.7GHz,32GB,Intel HD Graphics 620,24888708
Asus,VivoBook Pro,Intel Core i7 7700HQ 2.8GHz,8GB,Nvidia GeForce GTX 1050,12004200
Acer,Aspire 5,AMD A10-Series 9620P 2.5GHz,8GB,AMD Radeon RX 540,5148468
Asus,Rog G752VL-UH71T,Intel Core i7 6700HQ 2.6GHz,24GB,Nvidia GeForce GTX 965M,11283948
Lenovo,Thinkpad X260,Intel Core i5 6200U 2.3GHz,8GB,Intel HD Graphics 520,9772308
Lenovo,Ideapad 520-15IKBR,Intel Core i7 8550U 1.8GHz,8GB,Intel UHD Graphics 620,7993018.8
HP,EliteBook 840,Intel Core i7 7600U 2.8GHz,8GB,Intel HD Graphics 620,15552108
Lenovo,ThinkPad 13,Intel Core i3 7100U 2.4GHz,8GB,Intel HD Graphics 620,8438508
Lenovo,ThinkPad L570,Intel Core i5 7200U 2.5GHz,8GB,Intel HD Graphics 620,8100612
Asus,VivoBook E201NA,Intel Celeron Dual Core N3350 1.1GHz,4GB,Intel HD Graphics 500,3023280
HP,15-BS026nv (i5-7200U/8GB/256GB/Radeon,Intel Core i5 7200U 2.5GHz,8GB,AMD Radeon 520,5504059.08
Lenovo,Yoga 920-13IKB,Intel Core i5 8250U 1.6GHz,8GB,Intel UHD Graphics 620,14218308
Lenovo,IdeaPad 320-14IAP,Intel Celeron Dual Core N3350 1.1GHz,4GB,Intel HD Graphics 500,2658708
Lenovo,Chromebook N23,Intel Celeron Dual Core N3060 1.6GHz,4GB,Intel HD Graphics 400,2356380
Lenovo,ThinkPad 13,Intel Core i5 7200U 2.5GHz,8GB,Intel HD Graphics 620,8438508
Asus,ZenBook UX510UX-CN211T,Intel Core i7 7500U 2.7GHz,8GB,Intel HD Graphics 620,10883808
Acer,Aspire A515-51G-59QF,Intel Core i5 8250U 1.6GHz,4GB,Nvidia GeForce MX150,5450796
HP,Envy 13-AB002nv,Intel Core i7 7500U 2.7GHz,8GB,Intel HD Graphics 620,11764116
Lenovo,Legion Y520-15IKBN,Intel Core i7 7700HQ 2.8GHz,8GB,Nvidia GeForce GTX 1060,10216908
Dell,XPS 13,Intel Core i5 7200U 2.5GHz,8GB,Intel HD Graphics 620,7993908
Acer,Aspire A515-51G,Intel Core i7 7500U 2.7GHz,4GB,Nvidia GeForce 940MX,5681988
Dell,Vostro 5568,Intel Core i5 7200U 2.5GHz,8GB,Intel HD Graphics 620,7433712
Dell,Inspiron 5570,Intel Core i7 8550U 1.8GHz,16GB,AMD Radeon 530,10841482.08
Xiaomi,Mi Notebook,Intel Core i7 8550U 1.8GHz,16GB,Nvidia GeForce MX150,12448355.4
Asus,VivoBook E12,Intel Celeron Dual Core N3350 1.1GHz,2GB,Intel HD Graphics 500,2178540
HP,15-bs190od (i5-8250U/4GB/1TB/W10),Intel Core i5 8250U 1.6GHz,4GB,Intel UHD Graphics 620,4636911.24
Asus,ROG Zephyrus,Intel Core i7 7700HQ 2.8GHz,24GB,Nvidia GeForce GTX1080,26391456
HP,Probook 450,Intel Core i5 7200U 2.5GHz,8GB,Nvidia GeForce 930MX,7904988
Asus,FX753VE-GC155T (i7-7700HQ/16GB/1TB,Intel Core i7 7700HQ 2.8GHz,16GB,Nvidia GeForce GTX1050 Ti,13373568
Lenovo,Legion Y720-15IKB,Intel Core i7 7700HQ 2.8GHz,8GB,Nvidia GeForce GTX 1060,12439908
HP,Spectre X360,Intel Core i7 7500U 2.7GHz,8GB,Intel HD Graphics 620,12439908
Dell,Latitude 5480,Intel Core i5 7300U 2.6GHz,8GB,Intel HD Graphics 620,11379359.16
HP,ProBook 440,Intel Core i3 6006U 2GHz,4GB,Intel HD Graphics 520,6126588
Dell,Inspiron 5770,Intel Core i5 8250U 1.6GHz,8GB,AMD Radeon 530,7904988
Lenovo,ThinkPad L470,Intel Core i5 6200U 2.3GHz,8GB,Intel HD Graphics 520,11915280
Lenovo,IdeaPad 320-15IKB,Intel Core i7 7500U 2.7GHz,4GB,Nvidia GeForce 920MX,7104708
Lenovo,IdeaPad 320-15ISK,Intel Core i3 6006U 2GHz,8GB,Nvidia GeForce 920MX,4081428
Dell,Inspiron 3567,Intel Core i5 7200U 2.5GHz,4GB,AMD Radeon R5 M430,5201820
Dell,Latitude 5580,Intel Core i5 7440HQ 2.8GHz,8GB,Intel HD Graphics 620,12244284
Dell,Alienware 17,Intel Core i7 7700HQ 2.8GHz,16GB,Nvidia GeForce GTX 1070,26789550.84
Toshiba,Satellite Pro,Intel Core i5 7200U 2.5GHz,8GB,Intel HD Graphics 620,7647120
Asus,Zenbook UX510UW-FI095T,Intel Core i7 7500U 2.7GHz,8GB,Nvidia GeForce GTX 960M,11550708
Mediacom,SmartBook Edge,Intel Celeron Quad Core N3450 1.1GHz,4GB,Intel HD Graphics 500,3281148
Asus,ROG Strix,Intel Core i5 7300HQ 2.5GHz,8GB,Nvidia GeForce GTX 1060,14662908
Dell,Latitude 5580,Intel Core i7 7600U 2.8GHz,8GB,Nvidia GeForce 930MX,12173148
Dell,Inspiron 5570,Intel Core i5 8250U 1.6GHz,8GB,AMD Radeon 530,7090569.72
HP,250 G6,Intel Pentium Quad Core N3710 1.6GHz,4GB,Intel HD Graphics 405,3547819.08
HP,Omen 15-ce006nv,Intel Core i7 7700HQ 2.8GHz,12GB,Nvidia GeForce GTX 1060,15996708
Lenovo,Thinkpad E470,Intel Core i7 7500U 2.7GHz,8GB,Nvidia GeForce 940MX,7638228
Dell,XPS 13,Intel Core i7 8550U 1.8GHz,8GB,Intel UHD Graphics 620,12439908
Dell,Vostro 5468,Intel Core i3 6006U 2GHz,4GB,Intel HD Graphics 520,6543356.04
HP,Envy 13-AB020nr,Intel Core i7 7500U 2.7GHz,8GB,Intel HD Graphics 620,10181340
Acer,Aspire 7,Intel Core i5 7300HQ 2.5GHz,8GB,Nvidia GeForce GTX 1050,7095816
Asus,VivoBook X540YA-XX519T,AMD E-Series 7110 1.8GHz,4GB,AMD Radeon R2 Graphics,3103308
HP,ProBook 450,Intel Core i3 7100U 2.4GHz,4GB,Intel HD Graphics 620,6273306
Lenovo,ThinkPad E470,Intel Core i5 7200U 2.5GHz,4GB,Intel HD Graphics 620,6980220
Lenovo,V310-15ISK (i5-6200U/4GB/1TB/FHD/No,Intel Core i5 6200U 2.3GHz,4GB,Intel HD Graphics 520,4111216.2
HP,250 G6,Intel Core i3 6006U 2GHz,4GB,Intel HD Graphics 520,3530124
Lenovo,ThinkPad T570,Intel Core i7 7500U 2.7GHz,8GB,Intel HD Graphics 620,15374268
Lenovo,IdeaPad 320-15ISK,Intel Core i3 6006U 2GHz,4GB,Intel HD Graphics 520,4437108
Dell,Latitude 5580,Intel Core i5 7200U 2.5GHz,8GB,Intel HD Graphics 620,9932275.08
Dell,Alienware 17,Intel Core i7 7700HQ 2.8GHz,16GB,Nvidia GeForce GTX 1070,23999508
HP,17-X047na (i3-6006U/8GB/1TB/W10),Intel Core i3 6006U 2GHz,8GB,Intel HD Graphics 520,4838581.8
HP,ProBook 470,Intel Core i7 7500U 2.7GHz,8GB,Nvidia GeForce 930MX,11381760
Asus,A541NA-GO342 (N3350/4GB/500GB/Linux),Intel Celeron Dual Core N3350 1.1GHz,4GB,Intel HD Graphics 500,1991808
Mediacom,SmartBook 130,Intel Atom x5-Z8350 1.44GHz,4GB,Intel HD Graphics,2267460
Lenovo,IdeaPad 320-17IKB,Intel Core i7 7500U 2.7GHz,6GB,Nvidia GeForce 940MX,8438508
HP,15-bw007nv (A10-9620P/6GB/128GB/Radeon,AMD A10-Series A10-9620P 2.5GHz,6GB,AMD Radeon 530,5058658.8
Dell,Vostro 3568,Intel Core i3 6006U 2GHz,4GB,AMD Radeon R5 M420,5494366.8
Acer,Spin SP111-31,Intel Celeron Dual Core N3350 2.0GHz,4GB,Intel HD Graphics 500,3103308
Lenovo,V330-15IKB (i3-7130U/4GB/128GB/FHD/W10),Intel Core i3 7130U 2.7GHz,4GB,Intel HD Graphics 620,5601960
HP,EliteBook 1030,Intel Core M 6Y75 1.2GHz,16GB,Intel HD Graphics 515,17472780
Lenovo,Thinkpad P71,Intel Core i7 7700HQ 2.8GHz,8GB,Nvidia Quadro M620M,26667108
Asus,FX553VD-DM627T (i5-7300HQ/8GB/1TB,Intel Core i5 7300HQ 2.5GHz,8GB,Nvidia GeForce GTX 1050,7460388
Dell,XPS 13,Intel Core i5 8250U 1.6GHz,8GB,Intel UHD Graphics 620,14218308
Dell,Latitude 5580,Intel Core i5 7300U 2.6GHz,4GB,Intel HD Graphics 620,8527428
Fujitsu,Lifebook A557,Intel Core i5 7200U 2.5GHz,8GB,Intel HD Graphics 620,6571188
Lenovo,IdeaPad 320-15IAP,Intel Pentium Quad Core N4200 1.1GHz,4GB,Intel HD Graphics 505,3058848
Lenovo,ThinkPad L470,Intel Core i5 7200U 2.5GHz,4GB,Intel HD Graphics 620,8803080
HP,ZBook 17,Intel Core i5 7440HQ 2.8GHz,8GB,Nvidia Quadro M1200,16547923.08
HP,14-am079na (N3710/8GB/2TB/W10),Intel Pentium Quad Core N3710 1.6GHz,8GB,Intel HD Graphics 405,3458988
HP,15-cd005nv (A9-9420/6GB/256GB/Radeon,AMD A9-Series A9-9420 3GHz,6GB,AMD Radeon 530,5770908
Lenovo,Thinkpad E570,Intel Core i5 7200U 2.5GHz,8GB,Intel HD Graphics 620,7380360
Lenovo,V330-15IKB (i5-8250U/4GB/500GB/FHD/W10),Intel Core i5 8250U 1.6GHz,4GB,Intel HD Graphics 620,6091020
Mediacom,SmartBook 141,Intel Atom x5-Z8350 1.44GHz,4GB,Intel HD Graphics,2214108
Toshiba,Tecra X40-D-10H,Intel Core i7 7500U 2.7GHz,16GB,Intel HD Graphics 620,16583580
Lenovo,IdeaPad Y910-17ISK,Intel Core i7 6820HK 2.7GHz,32GB,Nvidia GeForce GTX 1070,23679396
MSI,GT73VR Titan,Intel Core i7 7820HK 2.9GHz,16GB,Nvidia GeForce GTX 1070,24266268
Dell,Inspiron 3567,Intel Core i7 7500U 2.7GHz,8GB,AMD Radeon R5 M430,6660196.92
Mediacom,SmartBook Edge,Intel Celeron Quad Core N3450 1.1GHz,4GB,Intel HD Graphics 500,3458988
Dell,Latitude 5580,Intel Core i5 7300U 2.6GHz,8GB,Intel HD Graphics 620,8967759.84
HP,ProBook 430,Intel Core i3 7100U 2.4GHz,4GB,Intel HD Graphics 620,6393348
Dell,Latitude 5580,Intel Core i7 7600U 2.8GHz,16GB,Nvidia GeForce 930MX,13670471.88
Dell,Chromebook 11,Intel Celeron Dual Core N3060 1.6GHz,4GB,Intel HD Graphics 400,2623140
MSI,GT80S 6QE,Intel Core i7 6820HK 2.7GHz,16GB,Nvidia GeForce GTX 980M,20887308
HP,Omen 17-AN010nv,Intel Core i7 7700HQ 2.8GHz,16GB,Nvidia GeForce GTX 1050,13320216
Lenovo,Thinkpad T460s,Intel Core i7 6600U 2.6GHz,12GB,Intel HD Graphics 520,14876316
Lenovo,Ideapad 320-15IKBR,Intel Core i7 8550U 1.8GHz,12GB,Intel HD Graphics 620,5415228
Asus,ROG Strix,Intel Core i5 7300HQ 2.5GHz,8GB,Nvidia GeForce GTX 1060,15738840
Asus,TP501UA-CJ131T (i5-7200U/8GB/1TB/W10),Intel Core i5 7200U 2.5GHz,8GB,Intel HD Graphics 520,6571188
Lenovo,IdeaPad 320-15ABR,AMD A12-Series 9720P 3.6GHz,12GB,AMD Radeon 530,8438508
Dell,Inspiron 3179,Intel Core M 7Y30 1.0GHz,4GB,Intel HD Graphics 615,5361876
Samsung,Notebook Odyssey,Intel Core i7 7700HQ 2.8GHz,16GB,Nvidia GeForce GTX 1050,15107508
Lenovo,V320-17ISK (i3-6006U/4GB/500GB/FHD/No,Intel Core i3 6006U 2GHz,4GB,Intel HD Graphics 520,4703868
Lenovo,IdeaPad 110-15ISK,Intel Core i3 6100U 2.3GHz,8GB,Intel HD Graphics 520,4081428
Lenovo,ThinkPad Yoga,Intel Core i7 7500U 2.7GHz,8GB,Intel HD Graphics 620,18006300
Lenovo,Thinkpad T470p,Intel Core i5 7300HQ 2.5GHz,8GB,Intel HD Graphics 630,13106808
Dell,Latitude 5289,Intel Core i5 7200U 2.5GHz,8GB,Intel HD Graphics 620,14849640
Dell,Precision 3520,Intel Core i7 7700HQ 2.8GHz,8GB,Nvidia Quadro M620,15676596
HP,EliteBook 850,Intel Core i7 7500U 2.7GHz,8GB,Intel HD Graphics 620,10839348
HP,ProBook 450,Intel Core i3 7100U 2.4GHz,4GB,Intel HD Graphics 620,5944124.16
Acer,Aspire 1,Intel Celeron Quad Core N3450 1.1GHz,4GB,Intel HD Graphics 500,2925468
MSI,Laptop MSI,Intel Core i7 6820HK 2.7GHz,16GB,Nvidia GeForce GTX 970M,19553508
Dell,Vostro 3568,Intel Core i3 6006U 2GHz,4GB,AMD Radeon R5 M420,4134780
MSI,GS63VR 7RF,Intel Core i7 7700HQ 2.8GHz,16GB,Nvidia GeForce GTX 1060,20442708
Toshiba,Tecra Z50-C-144,Intel Core i7 6500U 2.5GHz,8GB,Intel HD Graphics 520,12439908
Lenovo,IdeaPad 310-15IKB,Intel Core i5 7200U 2.5GHz,6GB,Intel HD Graphics 620,5015088
Lenovo,Yoga 720-15IKB,Intel Core i7 7700HQ 2.8GHz,8GB,Intel HD Graphics 630,11550708
Acer,Swift SF114-31-P5HY,Intel Pentium Quad Core N3710 1.6GHz,4GB,Intel HD Graphics 405,3103308
Lenovo,Thinkpad P51,Intel Xeon E3-1535M v6 3.1GHz,32GB,Nvidia Quadro M2200M,43561908
Dell,Inspiron 7559,Intel Core i7 6700HQ 2.6GHz,16GB,Nvidia GeForce GTX 960<U+039C>,7816156.92
Dell,Vostro 3568,Intel Core i3 6006U 2.0GHz,4GB,Intel HD Graphics 520,3947158.8
Dell,Inspiron 3567,Intel Core i3 6006U 2.0GHz,4GB,Intel HD Graphics 520,3192228
Dell,Latitude 5580,Intel Core i5 7300U 2.6GHz,4GB,Intel HD Graphics 620,7727148
Asus,FX753VD-GC007T (i7-7700HQ/8GB/1TB,Intel Core i7 7700HQ 2.8GHz,8GB,Nvidia GeForce GTX 1050,10385856
Dell,Vostro 3568,Intel Core i5 7200U 2.5GHz,4GB,AMD Radeon R5 M420,5059548
HP,EliteBook 850,Intel Core i7 7500U 2.7GHz,8GB,Intel HD Graphics 620,12350988
MSI,GT62VR 7RE,Intel Core i7 7700HQ 2.8GHz,16GB,Nvidia GeForce GTX 1070,20165811.12
Acer,CB5-132T-C9KK (N3160/4GB/32GB/Chrome,Intel Celeron Quad Core N3160 1.6GHz,4GB,Intel HD Graphics 400,3370068
HP,ProBook 650,Intel Core i5 7300U 2.6GHz,8GB,Intel HD Graphics 620,9994608
Lenovo,ThinkPad T470,Intel Core i5 6200U 2.3GHz,8GB,Intel HD Graphics 520,13026780
Dell,Inspiron 5570,Intel Core i5 8250U 1.6GHz,4GB,AMD Radeon 530,6900192
Fujitsu,LifeBook A557,Intel Core i5 7200U 2.5GHz,8GB,Intel HD Graphics 620,7104708
HP,EliteBook 850,Intel Core i5 6200U 2.3GHz,4GB,Intel HD Graphics 520,8287344
Lenovo,IdeaPad 320-15IKB,Intel Core i7 7500U 2.7GHz,8GB,Nvidia GeForce 920MX,7993908
Mediacom,SmartBook 140,Intel Atom x5-Z8350 1.44GHz,2GB,Intel HD Graphics,2125188
Lenovo,IdeaPad 320-15IKBN,Intel Core i5 7200U 2.5GHz,4GB,Intel HD Graphics 620,4161456
Asus,Q304UA-BHI5T11 (i5-7200U/6GB/1TB/FHD/W10),Intel Core i5 7200U 2.5GHz,6GB,Intel HD Graphics 620,5682076.92
Dell,XPS 15,Intel Core i7 7700HQ 2.8GHz,8GB,Nvidia GeForce GTX 1050,16183440
Asus,ZenBook 3,Intel Core i7 7500U 2.7GHz,16GB,Intel HD Graphics 620,16894800
Dell,Inspiron 7567,Intel Core i7 7700HQ 2.8GHz,16GB,Nvidia GeForce GTX 1050 Ti,13151268
Lenovo,V330-15IKB (i5-8250U/4GB/256GB/FHD/W10),Intel Core i5 8250U 1.6GHz,4GB,Intel UHD Graphics 620,7371468
Lenovo,Ideapad 320-15ISK,Intel Core i3 6006U 2GHz,4GB,Nvidia GeForce 920MX,5148468
Asus,X541NA-GO414T (N3350/8GB/1TB/W10),Intel Celeron Dual Core N3350 1.1GHz,8GB,Intel HD Graphics 500,3547908
Asus,VivoBook Pro,Intel Core i5 7300HQ 2.5GHz,8GB,Nvidia GeForce GTX 1050,8061665.04
Dell,XPS 13,Intel Core i5 8250U 1.6GHz,8GB,Intel UHD Graphics 620,16619148
Lenovo,IdeaPad 100S-14IBR,Intel Celeron Dual Core N3060 1.6GHz,2GB,Intel HD Graphics 400,2214108
Lenovo,Thinkpad Yoga,Intel Core i7 7500U 2.7GHz,8GB,Intel HD Graphics 620,15626978.64
Dell,XPS 15,Intel Core i7 7700HQ 2.8GHz,16GB,Nvidia GeForce GTX 1050,21331908
Lenovo,Legion Y520-15IKBN,Intel Core i7 7700HQ 2.8GHz,8GB,Nvidia GeForce GTX 1050M,9861228
HP,17-AK091ND (A9-9420/8GB/1TB/W10),AMD A9-Series 9420 3GHz,8GB,AMD Radeon R5,4631842.8
Lenovo,ThinkPad X1,Intel Core i7 7500U 2.7GHz,16GB,Intel HD Graphics 620,21785400
Asus,ROG GL553VE-FY022,Intel Core i7 7700HQ 2.8GHz,8GB,Nvidia GeForce GTX 1050 Ti,10394748
Acer,Extensa EX2540,Intel Core i3 6006U 2GHz,4GB,Intel HD Graphics 520,4001400
Lenovo,IdeaPad 100S-14IBR,Intel Celeron Dual Core N3060 1.6GHz,4GB,Intel HD Graphics,2436408
Acer,Swift 3,Intel Core i5 7200U 2.5GHz,8GB,Intel Graphics 620,8171748
Razer,Blade Pro,Intel Core i7 7700HQ 2.8GHz,16GB,Nvidia GeForce GTX 1060,23110308
Toshiba,Portege Z30-C-16J,Intel Core i5 6200U 2.3GHz,8GB,Intel HD Graphics 520,10785996
Lenovo,Thinkpad X270,Intel Core i7 7500U 2.7GHz,8GB,Intel HD Graphics 620,14084928
Asus,ROG G701VI,Intel Core i7 6820HK 2.7GHz,32GB,Nvidia GeForce GTX 1080,24888708
Acer,A715-71G-59DH (i5-7300HQ/8GB/1TB/GeForce,Intel Core i5 7300HQ 2.5GHz,8GB,Nvidia GeForce GTX 1050,6304428
Dell,XPS 13,Intel Core i5 8250U 1.6GHz,8GB,Intel UHD Graphics 620,12892510.8
MSI,GL62M 7REX,Intel Core i7 7700HQ 2.8GHz,8GB,Nvidia GeForce GTX 1050 Ti,10597485.6
HP,250 G6,Intel Core i3 6006U 2GHz,4GB,Intel HD Graphics 520,3244690.8
Toshiba,Tecra A50-D-11M,Intel Core i5 7200U 2.5GHz,8GB,Intel HD Graphics 620,9461088
Dell,Inspiron 5570,Intel Core i7 8550U 1.8GHz,8GB,AMD Radeon 530,8171748
Dell,Inspiron 5570,Intel Core i7 8550U 1.8GHz,16GB,AMD Radeon 530,10092420
Lenovo,IdeaPad Y700-15ISK,Intel Core i7 6700HQ 2.6GHz,8GB,Nvidia GeForce GTX 960,10634832
Dell,Alienware 17,Intel Core i7 7700HQ 2.8GHz,32GB,Nvidia GeForce GTX 1070,27986414.04
Dell,Latitude E7470,Intel Core i5 6300U 2.4GHz,8GB,Intel HD Graphics 520,10928268
Lenovo,Ideapad 320-15IAP,Intel Celeron Dual Core N3350 1.1GHz,4GB,Intel HD Graphics 500,3725748
Lenovo,IdeaPad 320-15ISK,Intel Core i5 6200U 2.3GHz,4GB,Intel HD Graphics 520,4757220
HP,15-ay047nv (i3-6006U/6GB/1TB/Radeon,Intel Core i3 6006U 2GHz,6GB,AMD Radeon R5 M430,4792788
MSI,GP72VR Leopard,Intel Core i7 7700HQ 2.8GHz,8GB,Nvidia GeForce GTX 1060,13220358.84
Toshiba,Satellite Pro,Intel Core i3 6100U 2.1GHz,4GB,Intel HD Graphics 520,4428216
Dell,Latitude 3580,Intel Core i5 7200U 2.5GHz,8GB,Intel HD Graphics 620,8491860
HP,15-bs012nv (i7-7500U/8GB/1TB/Radeon,Intel Core i7 7500U 2.7GHz,8GB,AMD Radeon 530,6624540
Toshiba,Tecra Z50-D-10E,Intel Core i5 7200U 2.5GHz,8GB,Intel HD Graphics 620,11186136
Acer,Aspire 3,Intel Core i3 6006U 2GHz,4GB,Intel HD Graphics 520,3663504
Microsoft,Surface Laptop,Intel Core i7 7600U 2.8GHz,8GB,Intel Iris Plus Graphics 640,16608922.2
Lenovo,V310-15ISK (i5-7200U/8GB/1TB,Intel Core i5 7200U 2.5GHz,8GB,AMD Radeon R5 M430,7273211.4
Lenovo,Yoga 720-13IKB,Intel Core i5 7200U 2.5GHz,8GB,Intel HD Graphics 620,9194328
Lenovo,IdeaPad 320-15AST,AMD E-Series E2-9000 2.2GHz,4GB,AMD Radeon R2 Graphics,3103308
HP,Pavilion X360,Intel Core i3 7100U 2.4GHz,4GB,Nvidia GeForce 940MX,6215508
MSI,GP62 7RDX,Intel Core i7 7700HQ 2.8GHz,16GB,Nvidia GeForce GTX 1050,11506248
Asus,Zenbook 3,Intel Core i5 7200U 2.5GHz,8GB,Intel HD Graphics 620,10092420
HP,Chromebook X360,Intel Celeron Dual Core N3350 1.1GHz,8GB,Intel HD Graphics 500,4401540
LG,Gram 15Z975,Intel Core i7 8550U 1.8GHz,8GB,Intel HD Graphics 620,20442708
Acer,Aspire VX5-591G,Intel Core i5 7300HQ 2.5GHz,16GB,Nvidia GeForce GTX 1050 Ti,11550708
MSI,GV62M 7RD,Intel Core i5 7300HQ 2.5GHz,8GB,Nvidia GeForce GTX 1050,8873326.8
Asus,L502NA-GO052T (N3350/4GB/128GB/W10),Intel Celeron Dual Core N3350 1.1GHz,4GB,Intel HD Graphics 500,3725748
Dell,Alienware 15,Intel Core i5 7300HQ 2.5GHz,16GB,Nvidia GeForce GTX 1060,18237492
HP,17-bs000nv I3,Intel Core i3 6006U 2GHz,4GB,AMD Radeon R5 520,6215508
Lenovo,Yoga 730,Intel Core i7 8550U 1.8GHz,8GB,Intel UHD Graphics 620,13329108
Dell,Alienware 15,Intel Core i7 7820HK 2.9GHz,16GB,Nvidia GeForce GTX 1070,25019865
HP,250 G6,Intel Core i5 7200U 2.5GHz,4GB,AMD Radeon 520,5447328.12
Dell,Inspiron 3567,Intel Core i3 6006U 2GHz,4GB,AMD Radeon R5 M430,4852097.64
HP,17-Y002nv (A10-9600P/6GB/2TB/Radeon,AMD A10-Series 9600P 2.4GHz,6GB,AMD Radeon R7 M440,5059548
Lenovo,V110-15ISK (3855U/4GB/500GB/W10),Intel Celeron Dual Core 3855U 1.6GHz,4GB,Intel HD Graphics 510,2827656
Acer,Chromebook 14,Intel Celeron Dual Core 3855U 1.6GHz,4GB,Intel HD Graphics 510,3334500
Lenovo,IdeaPad 520s-14IKB,Intel Core i5 7200U 2.5GHz,4GB,Intel HD Graphics 620,6215508
HP,ZBook 17,Intel Core i7 7700HQ 2.8GHz,8GB,Nvidia Quadro M1200,16965847.08
Lenovo,ThinkPad X1,Intel Core i7 7500U 2.7GHz,8GB,Intel HD Graphics 620,23030280
Toshiba,Satellite Pro,Intel Core i5 7200U 2.5GHz,8GB,Intel HD Graphics 620,8651916
Acer,TravelMate B117-M,Intel Celeron Dual Core N3050 1.6GHz,4GB,Intel HD Graphics,2391948
Lenovo,Yoga 910-13IKB,Intel Core i7 7500U 2.7GHz,16GB,Intel HD Graphics 620,15552108
Asus,Chromebook Flip,Intel Core M M3-6Y30 0.9GHz,4GB,Intel HD Graphics 515,5948748
Toshiba,Portege Z30T-C-133,Intel Core i7 6500U 2.5GHz,16GB,Intel HD Graphics 520,16690284
HP,15-bs011nv (i7-7500U/4GB/500GB/Radeon,Intel Core i7 7500U 2.7GHz,4GB,AMD Radeon 530,6126588
Dell,Inspiron 5577,Intel Core i5 7300HQ 2.5GHz,8GB,Nvidia GeForce GTX 1050,7282548
Lenovo,IdeaPad 320-15AST,AMD A9-Series 9420 2.9GHz,4GB,AMD Radeon 530,3547908
Lenovo,IdeaPad 320-15ABR,AMD A12-Series 9720P 3.6GHz,8GB,AMD Radeon R7,3814668
Lenovo,V310-15IKB (i5-7200U/4GB/1TB/FHD/W10),Intel Core i5 7200U 2.5GHz,4GB,Intel HD Graphics 620,5525933.4
Lenovo,V310-15ISK (i3-6006U/4GB/500GB/No,Intel Core i3 6006U 2GHz,4GB,Intel HD Graphics 520,4001400
Dell,Vostro 5568,Intel Core i5 7200U 2.5GHz,8GB,Intel HD Graphics 620,7069140
Acer,Spin 5,Intel Core i5 8250U 1.6GHz,8GB,Intel UHD Graphics 620,8883108
Lenovo,ThinkPad P51s,Intel Core i7 6500U 2.5GHz,16GB,Nvidia Quadro M520M,16494660
Lenovo,Thinkpad T460p,Intel Core i5 6300HQ 2.3GHz,8GB,Intel HD Graphics 520,10590372
HP,17-ak002nv (A10-9620P/6GB/2TB/Radeon,AMD A10-Series 9620P 2.5GHz,6GB,AMD Radeon 530,5824348.92
Lenovo,Legion Y520-15IKBN,Intel Core i7 7700HQ 2.8GHz,8GB,Nvidia GeForce GTX 1050 Ti,11106108
Dell,Latitude 5480,Intel Core i5 7440HQ 2.8GHz,8GB,Nvidia GeForce 930MX,9683388
Dell,Vostro 5568,Intel Core i5 7200U 2.5GHz,8GB,Intel HD Graphics 620,6455592
Asus,VivoBook E403NA,Intel Celeron Dual Core N3350 1.1GHz,4GB,Intel HD Graphics 500,2649816
Dell,Latitude 5580,Intel Core i5 7300U 2.6GHz,16GB,Intel HD Graphics 620,12685860.72
Lenovo,Thinkpad E470,Intel Core i5 7200U 2.5GHz,8GB,Nvidia GeForce 920MX,7621066.44
Dell,Latitude 5580,Intel Core i5 7300U 2.6GHz,8GB,Intel HD Graphics 620,10483668
Lenovo,110-15ACL (A6-7310/4GB/500GB/W10),AMD A6-Series 7310 2GHz,4GB,AMD Radeon R4,2649816
Mediacom,Smartbook 142,Intel Atom Z8350 1.92GHz,4GB,Intel HD Graphics 400,2356380
HP,ProBook 470,Intel Core i7 7500U 2.7GHz,8GB,Nvidia GeForce 930MX,10670400
Lenovo,ThinkPad X1,Intel Core i7 6500U 2.5GHz,8GB,Intel HD Graphics 520,14997602.88
HP,Pavilion X360,Intel Core i5 7200U 2.5GHz,8GB,Intel HD Graphics 620,7439047.2
Lenovo,ThinkPad T470s,Intel Core i5 7200U 2.5GHz,8GB,Intel HD Graphics 620,13329108
Dell,Alienware 17,Intel Core i7 7700HQ 2.8GHz,32GB,Nvidia GeForce GTX 1070,32539384.8
MSI,GL72M 7REX,Intel Core i7 7700HQ 2.8GHz,8GB,Nvidia GeForce GTX 1050 Ti,11990684.16
Lenovo,V310-15IKB (i5-7200U/4GB/1TB/No,Intel Core i5 7200U 2.5GHz,4GB,Intel HD Graphics 620,4356190.8
Dell,Inspiron 5570,Intel Core i5 8250U 1.6GHz,8GB,AMD Radeon 530,6393348
Dell,Inspiron 5378,Intel Core i3 7100U 2.4GHz,4GB,Intel HD Graphics 620,5770908
Dell,Inspiron 5567,Intel Core i5 7200U 2.5GHz,8GB,AMD Radeon R7 M445,5242011.84
HP,15-BW037na (A9-9420/4GB/1TB/Radeon,AMD A9-Series 9420 3GHz,4GB,AMD Radeon 520,4348188
Acer,Predator 17,Intel Core i7 6700HQ 2.6GHz,16GB,Nvidia GeForce GTX 1060,17206020
Dell,Inspiron 3567,Intel Core i5 7200U 2.5GHz,12GB,Intel HD Graphics 620,5770908
HP,15-BW091ND (A9-9420/6GB/1TB,AMD A9-Series A9-9420 3GHz,6GB,AMD Radeon 520,5779800
Acer,Extensa EX2540-58KR,Intel Core i5 7200U 2.5GHz,4GB,Intel HD Graphics 620,4970628
Lenovo,ThinkPad 13,Intel Core i5 7200U 2.5GHz,8GB,Intel HD Graphics 620,8536320
Lenovo,V310-15IKB (i7-7500U/4GB/1TB/FHD/W10),Intel Core i7 7500U 2.7GHz,4GB,Intel HD Graphics 620,6926868
HP,ZBook 15,Intel Core i7 7700HQ 2.8GHz,16GB,Nvidia Quadro M2200,21509748
Dell,Inspiron 5379,Intel Core i5 8250U 1.6GHz,8GB,Intel UHD Graphics 620,5859828
MSI,GS63VR 7RF,Intel Core i7 7700HQ 2.8GHz,16GB,Nvidia GeForce GTX 1060,18624116.16
Acer,Aspire ES1-572,Intel Core i3 6006U 2GHz,4GB,Intel HD Graphics 520,3652833.6
Dell,Inspiron 7560,Intel Core i7 7500U 2.7GHz,8GB,Nvidia GeForce 940MX,10732644
Dell,Vostro 3568,Intel Core i3 6006U 2GHz,8GB,Intel HD Graphics 520,5913180
Toshiba,Tecra X40-D-10G,Intel Core i5 7200U 2.5GHz,8GB,Intel HD Graphics 620,13649220
Lenovo,Flex 5,Intel Core i5 7200U 2.5GHz,8GB,Intel HD Graphics 620,8883108
Lenovo,Thinkpad P51s,Intel Core i7 7600U 2.8GHz,16GB,Nvidia Quadro M520M,29334708
Acer,Chromebook 14,Intel Celeron Dual Core N3060 1.6GHz,2GB,Intel HD Graphics 400,2934360
Samsung,Notebook 9,Intel Core i7 7500U 2.7GHz,16GB,Intel HD Graphics 620,14662908
HP,250 G6,Intel Core i3 6006U 2GHz,8GB,Intel HD Graphics 520,4792788
Dell,Latitude 5480,Intel Core i5 7200U 2.5GHz,8GB,Intel HD Graphics 620,10018705.32
HP,Zbook 17,Intel Xeon E3-1535M v5 2.9GHz,16GB,Nvidia Quadro M2000M,39026988
Lenovo,N23 (N3060/4GB/128GB/W10),Intel Celeron Dual Core N3060 1.6GHz,4GB,Intel HD Graphics 400,4223700
HP,EliteBook 850,Intel Core i5 6300U 2.4GHz,8GB,Intel HD Graphics 520,16894800
Asus,X550VX-XX015D (i5-6300HQ/4GB/1TB/GeForce,Intel Core i5 6300HQ 2.3GHz,4GB,Nvidia GeForce GTX 950M,5148468
Lenovo,Thinkpad T460,Intel Core i5 6200U 2.3GHz,4GB,Intel HD Graphics 520,9745632
Asus,Pro P2540UA-XO0192R,Intel Core i7 7500U 2.7GHz,4GB,Intel HD Graphics 620,7557310.8
Lenovo,Yoga 900-13ISK,Intel Core i5 6260U 1.8GHz,8GB,Intel HD Graphics 540,10661508
HP,15-cb003na (i5-7300HQ/8GB/1TB,Intel Core i5 7300HQ 2.5GHz,8GB,Nvidia GeForce GTX 1050,9772308
HP,ZBook 15,Intel Core i7 6700HQ 2.6GHz,8GB,Nvidia Quadro M1000M,13880412
Dell,Alienware 17,Intel Core i7 7700HQ 2.8GHz,16GB,Nvidia GeForce GTX 1070,25511059.08
Acer,Aspire 3,Intel Core i5 7200U 2.5GHz,4GB,Intel HD Graphics 620,5326308
Lenovo,Legion Y520-15IKBN,Intel Core i7 7700HQ 2.8GHz,8GB,Nvidia GeForce GTX 1050,9318816
Dell,Latitude 7280,Intel Core i7 7600U 2.8GHz,16GB,Intel HD Graphics 620,16530228
Google,Pixelbook (Core,Intel Core i5 7Y57 1.2GHz,8GB,Intel HD Graphics 615,13862628
Asus,Zenbook UX330UA-AH5Q,Intel Core i5 7200U 2.5GHz,8GB,Intel HD Graphics 620,10039068
Dell,Latitude 3380,Intel Core i3 6006U 2GHz,4GB,Intel HD Graphics 520,7549308
Acer,TravelMate P238-M,Intel Core i5 6200U 2.3GHz,4GB,Intel HD Graphics 520,5824260
Asus,X751NV-TY001 (N4200/4GB/1TB/GeForce,Intel Pentium Quad Core N4200 1.1GHz,4GB,Nvidia GeForce 920MX,4182263.28
Dell,Inspiron 7559,Intel Core i7 6700HQ 2.6GHz,16GB,Nvidia GeForce GTX 960M,9772308
Samsung,Notebook 9,Intel Core i7 7500U 2.7GHz,8GB,Intel HD Graphics 620,14218308
Acer,Aspire A315-31,Intel Pentium Quad Core N4200 1.1GHz,4GB,Intel HD Graphics 505,2649816
Dell,Inspiron 5567,Intel Core i7 7500U 2.7GHz,16GB,AMD Radeon R7 M445,10503852.84
Samsung,Notebook 9,Intel Core i7 7500U 2.7GHz,16GB,AMD Radeon 540,15996708
Toshiba,Tecra A40-C-1E5,Intel Core i5 6200U 2.3GHz,4GB,Intel HD Graphics 520,9069840
Dell,Inspiron 7567,Intel Core i7 7700HQ 2.8GHz,8GB,Nvidia GeForce GTX 1050,9772308
HP,EliteBook 820,Intel Core i5 6200U 2.3GHz,4GB,Intel HD Graphics 520,11061648
Asus,Q524UQ-BHI7T15 (i7-7500U/12GB/2TB/GeForce,Intel Core i7 7500U 2.7GHz,12GB,Nvidia GeForce 940MX,7460388
Lenovo,Thinkpad P50,Intel Core i7 6820HQ 2.7GHz,16GB,Nvidia Quadro M2000M,21074040
Acer,Swift 3,Intel Core i3 7100U 2.4GHz,4GB,Intel HD Graphics 620,5655312
Razer,Blade Pro,Intel Core i7 7700HQ 2.8GHz,16GB,Nvidia GeForce GTX 1060,25777908
Asus,Vivobook Max,Intel Pentium Dual Core N4200 1.1GHz,8GB,Intel HD Graphics 505,5174254.8
Dell,Alienware 17,Intel Core i7 7700HQ 2.8GHz,32GB,Nvidia GeForce GTX 1070M,31911609.6
Asus,Rog G752VS-BA171T,Intel Core i7 6700HQ 2.6GHz,16GB,Nvidia GeForce GTX 1070,20896200
Toshiba,Tecra Z40-C-161,Intel Core i7 6600U 2.6GHz,16GB,Nvidia GeForce 930M,15685488
Lenovo,IdeaPad 110-15IBR,Intel Celeron Quad Core N3710 1.6GHz,8GB,Intel HD Graphics 405,2925468
Lenovo,ThinkPad T470s,Intel Core i7 7500U 2.7GHz,16GB,Intel HD Graphics 620,20442708
MSI,GS43VR 7RE,Intel Core i7 7700HQ 2.8GHz,16GB,Nvidia GeForce GTX 1060,16814772
MSI,GL62M (i5-7300HQ/8GB/1TB,Intel Core i5 7300HQ 2.5GHz,8GB,Nvidia GeForce GTX 1050,9683388
Lenovo,Legion Y520-15IKBN,Intel Core i7 7700HQ 2.8GHz,4GB,Nvidia GeForce GTX 1050,8883108
Acer,Predator G9-793,Intel Core i7 7700HQ 2.8GHz,16GB,Nvidia GeForce GTX 1060,20442708
Dell,Inspiron 7567,Intel Core i5 7300HQ 2.5GHz,8GB,Nvidia GeForce GTX 1050,8758620
Asus,FX502VM-DM560T (i7-7700HQ/8GB/1TB,Intel Core i7 7700HQ 2.8GHz,8GB,Nvidia GeForce GTX1060,11906388
Vero,K146 (N3350/4GB/32GB/W10),Intel Celeron Dual Core N3350 1.1GHz,4GB,Intel HD Graphics 500,1804186.8
Lenovo,ThinkPad Yoga,Intel Core i7 7500U 2.7GHz,8GB,Intel HD Graphics 620,17517240
Lenovo,Yoga 510-15IKB,Intel Core i5 7200U 2.5GHz,8GB,AMD Radeon R7 M460,8527428
Apple,"MacBook 12""",Intel Core M 1.2GHz,8GB,Intel HD Graphics 5300,10359180
Lenovo,ThinkPad X1,Intel Core i5 7200U 2.5GHz,8GB,Intel HD Graphics 620,20718360
Asus,R417NA-RS01 (N3350/4GB/32GB/W10),Intel Celeron Dual Core N3350 1.1GHz,4GB,Intel HD Graphics 500,2658708
Dell,Latitude 3580,Intel Core i5 7200U 2.5GHz,8GB,Intel HD Graphics 620,7202520
Lenovo,Yoga 910-13IKB,Intel Core i7 7500U 2.7GHz,8GB,Intel HD Graphics 620,11995308
Dell,Vostro 5568,Intel Core i3 6006U 2GHz,8GB,AMD Radeon R5 M420X,6571188
HP,ZBook 17,Intel Core i7 7700HQ 2.8GHz,8GB,Nvidia Quadro M2200,18361090.8
Asus,Pro P2540UA-XS51,Intel Core i5 7200U 2.5GHz,8GB,Intel HD Graphics 620,9772308
Dell,XPS 13,Intel Core i5 7200U 2.5GHz,8GB,Intel HD Graphics 620,13329108
Dell,XPS 15,Intel Core i5 7300HQ 2.5GHz,8GB,Nvidia GeForce GTX 1050,15552108
Dell,Latitude 3180,Intel Pentium Quad Core N4200 1.1GHz,4GB,Intel HD Graphics 505,6615648
HP,EliteBook 820,Intel Core i5 7300U 2.6GHz,8GB,Intel HD Graphics 620,12350988
Toshiba,Satellite Pro,Intel Core i5 6200U 2.3GHz,4GB,Intel HD Graphics 520,6935760
HP,15-ba043na (A12-9700P/8GB/2TB/W10),AMD A12-Series 9700P 2.5GHz,8GB,AMD Radeon R7 Graphics,5593068
Dell,Inspiron 7567,Intel Core i7 7700HQ 2.8GHz,16GB,Nvidia GeForce GTX 1050 Ti,14929668
Lenovo,IdeaPad 310-15IKB,Intel Core i5 7200U 2.5GHz,4GB,Nvidia GeForce 920M,5415228
HP,Omen 17-an012dx,Intel Core i7 7700HQ 2.8GHz,12GB,AMD Radeon RX 580,15552108
MSI,GE72MVR 7RG,Intel Core i7 7700HQ 2.8GHz,16GB,Nvidia GeForce GTX 1070,21474180
Samsung,Notebook 9,Intel Core i5 7200U 2.5GHz,8GB,Intel HD Graphics 620,13329108
Dell,Vostro 5568,Intel Core i7 7500U 2.7GHz,8GB,Nvidia GeForce GT 940MX,8545212
Dell,Vostro 3568,Intel Core i5 7200U 2.5GHz,8GB,AMD Radeon R5 M420,7022990.52
Lenovo,Thinkpad T470s,Intel Core i7 7500U 2.7GHz,8GB,Intel HD Graphics 620,16530228
Razer,Blade Stealth,Intel Core i7 7500U 2.5GHz,16GB,Intel HD Graphics 620,15996708
HP,Chromebook 11,Intel Celeron Dual Core N3060 1.6GHz,4GB,Intel HD Graphics 400,3423420
Dell,Alienware 17,Intel Core i7 7700HQ 2.8GHz,16GB,Nvidia GeForce GTX 1060,22274637.84
Dell,Latitude 3480,Intel Core i5 6200U 2.3GHz,4GB,Intel HD Graphics 520,6713460
Lenovo,V110-15ISK (i3-6006U/4GB/500GB/W10),Intel Core i3 6006U 2GHz,4GB,Intel HD Graphics 520,4356190.8
Toshiba,Tecra X40-D-10Z,Intel Core i5 7200U 2.5GHz,4GB,Intel HD Graphics 620,9692280
Lenovo,Thinkpad X1,Intel Core i7 7500U 2.7GHz,8GB,Intel HD Graphics 620,22221108
MSI,GL62M 7RD,Intel Core i5 7300HQ 2.5GHz,8GB,Nvidia GeForce GTX 1050,10661508
Lenovo,ThinkPad X1,Intel Core i5 7200U 2.5GHz,8GB,Intel HD Graphics 620,16672500
Toshiba,Satellite Pro,Intel Pentium Dual Core 4405U 2.1GHz,4GB,Intel HD Graphics 510,4437108
Asus,ZenBook Flip,Intel Core i5 7200U 2.5GHz,8GB,Intel HD Graphics 620,12075336
Dell,Latitude 3480,Intel Core i3 6006U 2GHz,4GB,Intel HD Graphics 520,5201820
Acer,Chromebook 11,Intel Celeron Dual Core N3060 1.6GHz,4GB,Intel HD Graphics 400,3156660
Acer,Swift 3,Intel Core i3 7100U 2.4GHz,8GB,Intel HD Graphics 620,5504148
Razer,Blade Pro,Intel Core i7 7820HK 2.9GHz,32GB,Nvidia GeForce GTX 1080,48897108
Lenovo,Thinkpad X1,Intel Core i7 6600U 2.6GHz,16GB,Intel HD Graphics 520,18664308
Asus,VivoBook Max,Intel Core i5 7200U 2.5GHz,4GB,Nvidia GeForce 920,4614948
Lenovo,Thinkpad T460,Intel Core i5 6200U 2.3GHz,8GB,Intel HD Graphics 520,10545912
Lenovo,ThinkPad T470s,Intel Core i5 7300U 2.6GHz,8GB,Intel HD Graphics 620,14671800
Dell,Alienware 15,Intel Core i7 7700HQ 2.8GHz,16GB,Nvidia GeForce GTX 1070,24672009.96
Asus,Rog GL702VS-BA023T,Intel Core i7 7700HQ 2.8GHz,16GB,Nvidia GeForce GTX 1070,21509748
Toshiba,Satellite Pro,Intel Core i3 7100U 2.4GHz,4GB,Intel HD Graphics 620,5948748
Lenovo,N42-20 Chromebook,Intel Celeron Quad Core N3160 1.6GHz,4GB,Intel HD Graphics 400,2889900
Asus,R558UA-DM966T (i5-7200U/8GB/128GB/FHD/W10),Intel Core i5 7200U 2.5GHz,8GB,Intel HD Graphics 620,5246280
Asus,Rog GL702VM-GC017T,Intel Core i7 6700HQ 2.6GHz,16GB,Nvidia GeForce GTX 1060,15996708
Dell,Alienware 17,Intel Core i7 7700HQ 2.8GHz,32GB,Nvidia GeForce GTX 1070,27324137.88
HP,ProBook 470,Intel Core i5 7200U 2.5GHz,8GB,Nvidia GeForce 930MX,8091720
Dell,Vostro 3568,Intel Core i5 7200U 2.5GHz,8GB,Intel HD Graphics 620,6348799.08
HP,EliteBook 840,Intel Core i7 6500U 2.5GHz,8GB,Intel HD Graphics 520,16628040
Dell,Vostro 3568,Intel Core i7 7500U 2.7GHz,4GB,AMD Radeon R5 M420,6571188
HP,Chromebook X360,Intel Celeron Dual Core N3350 1.1GHz,4GB,Intel HD Graphics 500,5468580
Asus,ZenBook UX310UQ-GL026T,Intel Core i5 6200U 2.3GHz,8GB,Nvidia GeForce 940M,9123192
HP,EliteBook x360,Intel Core i5 7200U 2.5GHz,8GB,Intel HD Graphics 620,20247084
HP,EliteBook 840,Intel Core i7 6500U 2.5GHz,8GB,Intel HD Graphics 520,13053456
HP,250 G6,Intel Celeron Dual Core N3060 1.6GHz,4GB,Intel HD Graphics 400,2658708
Asus,Rog GL502VM-DS74,Intel Core i7 7700HQ 2.8GHz,16GB,Nvidia GeForce GTX 1060,16885908
Dell,Inspiron 5767,Intel Core i7 7500U 2.7GHz,8GB,AMD Radeon R7 M445,7691580
Lenovo,ThinkPad T470p,Intel Core i7 7700HQ 2.8GHz,8GB,Nvidia GeForce GT 940MX,16921476
Asus,K556UR-DM621T (i7-7500U/8GB/256GB/GeForce,Intel Core i7 7500U 2.7GHz,8GB,Nvidia GeForce GTX 930MX,6998004
Dell,Latitude 5580,Intel Core i5 7200U 2.5GHz,8GB,Intel HD Graphics 620,8402940
Asus,X541NA (N4200/4GB/1TB/W10),Intel Pentium Quad Core N4200 1.1GHz,4GB,Intel HD Graphics 505,3992508
HP,EliteBook x360,Intel Core i7 7600U 2.8GHz,8GB,Intel HD Graphics 620,22754628
Dell,Inspiron 5368,Intel Core i5 6200U 2.3GHz,8GB,Intel HD Graphics 520,5770908
Lenovo,IdeaPad 110-15ISK,Intel Core i3 6006U 2.0GHz,4GB,Intel HD Graphics 520,4170348
Lenovo,ThinkPad E570,Intel Core i5 7200U 2.5GHz,8GB,Intel HD Graphics 620,7564068.72
HP,EliteBook 850,Intel Core i5 7300U 2.6GHz,8GB,AMD Radeon R7 M465,11995308
Toshiba,Portege X30-D-10X,Intel Core i5 7200U 2.5GHz,4GB,Intel HD Graphics 620,11426220
Lenovo,Legion Y520-15IKBN,Intel Core i5 7300HQ 2.5GHz,8GB,Nvidia GeForce GTX 1050,9043164
Dell,XPS 13,Intel Core i7 7660U 2.5GHz,16GB,Intel Iris Plus Graphics 640,19918080
HP,Probook 450,Intel Core i5 6200U 2.3GHz,4GB,Intel HD Graphics 520,8091720
Toshiba,Portg Z30-C-188,Intel Core i5 6200U 2.3GHz,8GB,Intel HD Graphics 520,9736740
Lenovo,ThinkPad Yoga,Intel Core i7 7500U 2.7GHz,8GB,Intel HD Graphics 620,17339400
Acer,TMX349-G2-M-50FS (i5-7200U/8GB/256GB/FHD/W10),Intel Core i5 7200U 2.5GHz,8GB,Intel HD Graphics 620,8020584
Dell,Precision 3520,Intel Core i7 7700HQ 2.8GHz,8GB,Nvidia Quadro M620,15809976
Lenovo,ThinkPad L570,Intel Core i5 7200U 2.5GHz,4GB,Intel HD Graphics 620,9381060
Lenovo,IdeaPad 110-15ISK,Intel Core i3 6006U 2GHz,4GB,AMD Radeon R5 M430,4259268
Toshiba,Tecra A50-D-11D,Intel Core i7 7500U 2.7GHz,8GB,Intel HD Graphics 620,12342096
Lenovo,Thinkpad 13,Intel Core i3 7100U 2.4GHz,4GB,Intel HD Graphics 620,6535620
Samsung,Notebook 9,Intel Core i7 7500U 2.7GHz,16GB,Nvidia GeForce 940MX,16441308
Dell,Latitude 7280,Intel Core i7 7600U 2.8GHz,8GB,Intel HD Graphics 620,15027480
Asus,X541NA-GO121 (N4200/4GB/1TB/Linux),Intel Pentium Quad Core N4200 1.1GHz,4GB,Intel HD Graphics 505,3547819.08
Xiaomi,Mi Notebook,Intel Core i5 6200U 2.3GHz,8GB,Nvidia GeForce 940MX,8314020
Dell,Vostro 5568,Intel Core i5 7200U 2.5GHz,4GB,Nvidia GeForce 940MX,8113950
HP,ProBook 450,Intel Core i5 7200U 2.5GHz,4GB,Intel HD Graphics 620,7460388
HP,EliteBook x360,Intel Core i5 7200U 2.5GHz,4GB,Intel HD Graphics 620,15116400
HP,Pavilion x360,Intel Core i5 7200U 2.5GHz,4GB,Intel HD Graphics 620,6089241.6
Asus,VivoBook L402NA,Intel Celeron Dual Core N3350 1.1GHz,4GB,Intel HD Graphics 500,3094416
Lenovo,IdeaPad 510-15ISK,Intel Core i7 6500U 2.5GHz,8GB,Nvidia GeForce 940MX,5948748
Dell,Inspiron 3552,Intel Pentium Quad Core N3710 1.6GHz,4GB,Intel HD Graphics,3281148
HP,EliteBook x360,Intel Core i5 7200U 2.5GHz,4GB,Intel HD Graphics 620,15996708
Dell,Vostro 3568,Intel Core i3 6006U 2.0GHz,4GB,AMD Radeon R5 M420X,4052084.4
Asus,Rog GL753VD-GC082T,Intel Core i5 7300HQ 2.5GHz,12GB,Nvidia GeForce GTX 1050,12181150.8
Acer,Chromebook C731-C78G,Intel Celeron Dual Core N3060 1.6GHz,4GB,Intel HD Graphics 400,2640924
Lenovo,IdeaPad 110-17ACL,AMD A4-Series 7210 2.2GHz,4GB,AMD Radeon R3,3370068
HP,Probook 640,Intel Core i5 7200U 2.5GHz,4GB,Intel HD Graphics 620,11248380
HP,Envy x360,Intel Core i7 7500U 2.7GHz,16GB,Intel HD Graphics 620,12439908
Samsung,Notebook 9,Intel Core i7 7500U 2.7GHz,8GB,Intel HD Graphics 620,15107508
Lenovo,ThinkPad T470s,Intel Core i5 7200U 2.5GHz,8GB,Intel HD Graphics 620,15996708
MSI,GS73VR Stealth,Intel Core i7 6700HQ 2.6GHz,16GB,Nvidia GeForce GTX 1060,23554908
Toshiba,Portege X30-D-10V,Intel Core i5 7200U 2.5GHz,8GB,Intel HD Graphics 620,13115700
Dell,Inspiron 7567,Intel Core i7 7700HQ 2.8GHz,8GB,Nvidia GeForce GTX 1050Ti,8260668
HP,ProBook 450,Intel Core i7 7500U 2.7GHz,8GB,Nvidia GeForce 930MX,8002800
Dell,Vostro 3568,Intel Core i3 6006U 2.0GHz,4GB,AMD Radeon R5 M420X,5459688
Dell,Latitude 5580,Intel Core i5 7300U 2.6GHz,8GB,Intel HD Graphics 620,8314020
Dell,XPS 13,Intel Core i7 7Y75 1.3GHz,8GB,Intel HD Graphics 615,17900485.2
Asus,G701VO-IH74K (i7-6820HK/32GB/2x,Intel Core i7 6820HK 2.7GHz,32GB,Nvidia GeForce GTX 980M,11372868
Dell,XPS 13,Intel Core i7 7Y75 1.3GHz,16GB,Intel HD Graphics 615,14662908
Lenovo,ThinkPad X1,Intel Core i7 7500U 2.7GHz,8GB,Intel HD Graphics 620,18219708
Lenovo,ThinkPad T570,Intel Core i5 7200U 2.5GHz,8GB,Intel HD Graphics 620,17454907.08
LG,Gram 15Z970,Intel Core i7 7500U 2.7GHz,16GB,Intel HD Graphics 620,18664308
HP,Elitebook 820,Intel Core i7 7500U 2.7GHz,8GB,Intel HD Graphics 620,13186836
Acer,Chromebook CB5-571-C1DZ,Intel Celeron Dual Core 3205U 1.5GHz,4GB,Intel HD Graphics,3192228
Lenovo,IdeaPad Y700-15ISK,Intel Core i5 6300HQ 2.3GHz,8GB,Nvidia GeForce GTX 960M,7015788
LG,Gram 14Z970,Intel Core i7 7500U 2.7GHz,8GB,Intel HD Graphics 620,16885908
Dell,Latitude 5480,Intel Core i5 7440HQ 2.8GHz,8GB,Intel HD Graphics 620,10714860
HP,Elitebook Folio,Intel Core M 6Y75 1.2GHz,8GB,Intel HD Graphics 515,27565200
Lenovo,IdeaPad 510-15IKB,Intel Core i7 7500U 2.7GHz,6GB,Nvidia GeForce 940MX,7015788
HP,ProBook 450,Intel Core i7 7500U 2.7GHz,8GB,Nvidia GeForce 930MX,9060859.08
Acer,Aspire E5-575,Intel Core i3 7100U 2.4GHz,4GB,Intel HD Graphics 620,4437108
Lenovo,ThinkPad 13,Intel Core i5 7200U 2.5GHz,4GB,Intel HD Graphics 620,7833852
HP,Probook 430,Intel Core i5 7200U 2.5GHz,8GB,Intel HD Graphics 620,8536320
MSI,GE72VR 6RF,Intel Core i7 7700HQ 2.8GHz,16GB,Nvidia GeForce GTX 1050 Ti,14218308
Dell,Inspiron 7567,Intel Core i7 7700HQ 2.8GHz,16GB,Nvidia GeForce GTX 1050 Ti,11995308
MSI,GL62M 7RD,Intel Core i5 7300HQ 2.5GHz,8GB,Nvidia GeForce GTX 1050,9958239.72
Dell,Vostro 3568,Intel Core i5 7200U 2.5GHz,4GB,AMD Radeon R5 M420,6090931.08
HP,EliteBook 850,Intel Core i7 6500U 2.5GHz,8GB,AMD Radeon R7 M365X,11532835.08
HP,Envy 13-AB077cl,Intel Core i7 7500U 2.7GHz,8GB,Intel HD Graphics 620,10216908
Toshiba,Tecra Z50-C-140,Intel Core i7 6600U 2.6GHz,16GB,Nvidia GeForce 930M,17561700
Lenovo,ThinkPad Yoga,Intel Core i5 7200U 2.5GHz,8GB,Intel HD Graphics 620,16227900
Dell,Latitude 3580,Intel Core i5 6200U 2.3GHz,4GB,Intel HD Graphics 520,6490270.8
Lenovo,Thinkpad X270,Intel Core i7 7500U 2.7GHz,8GB,Intel HD Graphics 620,14671800
HP,Probook 650,Intel Core i5 6200U 2.3GHz,8GB,Intel HD Graphics 520,10359180
Dell,Vostro 3568,Intel Core i5 7200U 2.5GHz,4GB,Intel HD Graphics 620,6296069.52
HP,ProBook 640,Intel Core i5 6200U 2.3GHz,4GB,Intel HD Graphics 520,10216908
Lenovo,IdeaPad 320-15IAP,Intel Pentium Quad Core N4200 1.1GHz,4GB,Intel HD Graphics 505,2747628
HP,EliteBook 820,Intel Core i5 6200U 2.3GHz,4GB,Intel HD Graphics 520,14040468
HP,250 G6,Intel Celeron Dual Core N3060 1.6GHz,4GB,Intel HD Graphics 400,2568898.8
Lenovo,Yoga 900-13ISK,Intel Core i7 6560U 2.2GHz,16GB,Intel Iris Graphics 540,15996708
Toshiba,Tecra Z40-C-12X,Intel Core i5 6200U 2.3GHz,4GB,Intel HD Graphics 520,9825660
HP,EliteBook 820,Intel Core i5 6200U 2.3GHz,8GB,Intel HD Graphics 520,14840748
Dell,Vostro 3568,Intel Core i3 6006U 2.0GHz,4GB,Intel HD Graphics 520,4967071.2
MSI,GP62M Leopard,Intel Core i7 7700HQ 2.8GHz,8GB,Nvidia GeForce GTX 1050,10661508
Dell,Latitude 7480,Intel Core i5 7200U 2.5GHz,8GB,Intel HD Graphics 620,14573988
Dell,Alienware 17,Intel Core i7 6820HK 2.7GHz,16GB,Nvidia GeForce GTX 1080,24524136
HP,Omen 17-W006na,Intel Core i5 6300HQ 2.3GHz,8GB,Nvidia GeForce GTX 965M,12439908
Asus,X751SV-TY001T (N3710/4GB/1TB/GeForce,Intel Pentium Quad Core N3710 1.6GHz,4GB,Nvidia GeForce 920MX,4712760
Acer,TravelMate P259-G2,Intel Core i5 7200U 2.5GHz,4GB,Intel HD Graphics 620,5504148
Toshiba,Tecra A50-C-1ZV,Intel Core i5 6200U 2.3GHz,8GB,Intel HD Graphics 520,9950148
Lenovo,Yoga 700-11ISK,Intel Core M m7-6Y75 1.2GHz,8GB,Intel HD Graphics 515,11550708
Lenovo,IdeaPad Y700-15ACZ,AMD FX 8800P 2.1GHz,16GB,AMD Radeon R9 M385,8883108
Dell,Latitude 7280,Intel Core i5 7200U 2.5GHz,8GB,Intel HD Graphics,13090802.4
Lenovo,IdeaPad 310-15IKB,Intel Core i7 7500U 2.7GHz,8GB,Nvidia GeForce 920MX,6091020
Dell,Insprion 5767,Intel Core i3 6006U 2.0GHz,4GB,AMD Radeon R7 M445,5859828
Acer,Chromebook 14,Intel Celeron Dual Core N3060 1.6GHz,4GB,Intel HD Graphics 400,3103308
HP,ZBook Studio,Intel Core i7 6820HQ 2.7GHz,8GB,Nvidia Quadro M1000M,19998108
Dell,Latitude 7480,Intel Core i7 7600U 2.8GHz,8GB,Intel HD Graphics 620,15783300
Toshiba,Portege Z30-C-1CW,Intel Core i5 6200U 2.3GHz,8GB,Intel HD Graphics 520,12982320
Asus,Chromebook Flip,Intel Core M M7-6Y75 1.2GHz,8GB,Intel HD Graphics 515,10305828
Lenovo,Thinkpad T460,Intel Core i7 6600U 2.6GHz,8GB,Intel HD Graphics 520,13240099.08
Dell,Alienware 17,Intel Core i7 7700HQ 2.8GHz,16GB,Nvidia GeForce GTX 1070,28045368
Dell,XPS 13,Intel Core i5 7Y54 1.2GHz,8GB,Intel HD Graphics 615,16885908
HP,ProBook x360,Intel Pentium Quad Core N4200 1.1GHz,4GB,Intel HD Graphics 505,6891300
Dell,XPS 13,Intel Core i7 6500U 2.5GHz,8GB,Intel HD Graphics 520,11275056
Acer,Chromebook C738T-C2EJ,Intel Celeron Dual Core N3060 1.6GHz,4GB,Intel HD Graphics 400,3458988
Toshiba,Portege Z30-C-16Z,Intel Core i5 6300U 2.4GHz,8GB,Intel HD Graphics 520,13649220
Lenovo,ThinkPad X270,Intel Core i5 7300U 2.6GHz,8GB,Intel HD Graphics 620,15649920
Acer,Aspire F5-573G-510L,Intel Core i5 7200U 2.5GHz,12GB,Nvidia GeForce GTX 950M,8972028
Toshiba,Portege X20W-D-10V,Intel Core i7 7500U 2.7GHz,8GB,Intel HD Graphics 620,15916680
HP,ProBook 450,Intel Core i5 7200U 2.50GHz,8GB,Nvidia GeForce 930MX,7527078
Dell,Inspiron 3567,Intel Core i3 6006U 2.0GHz,4GB,AMD Radeon R5 M430,4140293.04
Dell,Latitude 5580,Intel Core i5 7200U 2.5GHz,4GB,Intel HD Graphics 620,7335900
HP,ProBook 450,Intel Core i3 7100U 2.4GHz,4GB,Intel HD Graphics 620,6091020
Dell,Alienware 17,Intel Core i7 7700HQ 2.8GHz,32GB,Nvidia GeForce GTX 1070,28000908
Lenovo,IdeaPad 310-15IKB,Intel Core i5 7200U 2.5GHz,6GB,Nvidia GeForce 920MX,6179940
Dell,XPS 13,Intel Core i7 7Y75 1.3GHz,16GB,Intel HD Graphics 615,16885908
Dell,Latitude E7470,Intel Core i7 6600U 2.6GHz,8GB,Intel HD Graphics 520,17454818.16
Dell,Alienware 17,Intel Core i7 6700HQ 2.6GHz,32GB,Nvidia GeForce GTX 1070,24897600
Toshiba,Tecra A40-C-1DF,Intel Core i5 6200U 2.3GHz,8GB,Intel HD Graphics 520,10492560
Asus,Rog Strix,Intel Core i7 7700HQ 2.8GHz,16GB,Nvidia GeForce GTX 1060,18227710.8
HP,Probook 450,Intel Core i5 7200U 2.70GHz,8GB,Nvidia GeForce 930MX,8705268
Lenovo,ThinkPad T460,Intel Core i5 6200U 2.3GHz,4GB,Intel HD Graphics 520,8909784